hf time,inp time 0.5,inp time 1.0,inp time 2.0,inp time 4.0,inp time 7.0,inp time 10.0,inp time 15.0,inp time 20.0,inp time 50.0
0.5,0.038447629660367966,0.00029603391885757446,0.011053483933210373,0.14200913906097412,0.17373812198638916,0.1336079239845276,0.0,0,0
1.0,0.0,0.004102285951375961,0.0010973289608955383,0.023825954645872116,0.0826195627450943,0.07214581966400146,0.0,0,0
2.0,0.0,0.0,0.01649041846394539,0.048519160598516464,0.09553976356983185,0.06994247436523438,0.0037004947662353516,0,0
4.0,0.0,0.0,0.0,0.004567742347717285,0.008300960063934326,0.06589210033416748,0.003988325595855713,0,0
7.0,0.0,0.0,0.0,0.0,0.0,0.00011539459228515625,0.0,0,0
50.0,0.0,0.0,0.0,0.0,0.0,0.0,0.0,0,0
