hf time,inp time 0.5,inp time 1.0,inp time 2.0,inp time 4.0,inp time 7.0,inp time 10.0,inp time 15.0,inp time 20.0,inp time 50.0
0.5,0.00992586649954319,0.16030517779290676,0.6023023724555969,0.16709822416305542,0.0006506443023681641,0,0,0,0
1.0,0.0,0.013187691569328308,0.04085202515125275,0.005511105060577393,0.00016689300537109375,0,0,0,0
2.0,0.0,0.0,0.0,0.0,0.0,0,0,0,0
4.0,0.0,0.0,0.0,0.0,0.0,0,0,0,0
7.0,0.0,0.0,0.0,0.0,0.0,0,0,0,0
50.0,0.0,0.0,0.0,0.0,0.0,0,0,0,0
