hf time,inp time 0.5,inp time 1.0,inp time 2.0,inp time 4.0,inp time 7.0,inp time 10.0,inp time 15.0,inp time 20.0,inp time 50.0
0.5,0,0,0.008799863047897816,0.3391806064173579,0.02402937412261963,0,0,0,0
1.0,0,0,0.06924733053892851,0.46687061060220003,0.06466668844223022,0,0,0,0
2.0,0,0,0.010766394436359406,0.016439132392406464,0.0,0,0,0,0
4.0,0,0,0.0,0.0,0.0,0,0,0,0
7.0,0,0,0.0,0.0,0.0,0,0,0,0
50.0,0,0,0.0,0.0,0.0,0,0,0,0
