hf time,inp time 0.5,inp time 1.0,inp time 2.0,inp time 4.0,inp time 7.0,inp time 10.0,inp time 15.0,inp time 20.0,inp time 50.0
0.5,0.07940194755792618,0.0,0.05224920064210892,0.0,0.08365075290203094,0.05057710409164429,0.0,0,0
1.0,0.0,0.02435438334941864,0.018088147044181824,0.009675011038780212,0.10301844775676727,0.032652467489242554,0.0006672441959381104,0,0
2.0,0.0,0.0,0.0650196522474289,0.1269737333059311,0.167083740234375,0.07695385813713074,2.9802322387695312e-08,0,0
4.0,0.0,0.0,0.0,0.04617142677307129,0.008284211158752441,0.026980936527252197,0.02819770574569702,0,0
7.0,0.0,0.0,0.0,0.0,0.0,0.0,0.0,0,0
50.0,0.0,0.0,0.0,0.0,0.0,0.0,0.0,0,0
