hf time,inp time 0.5,inp time 1.0,inp time 2.0,inp time 4.0,inp time 7.0,inp time 10.0,inp time 15.0,inp time 20.0,inp time 50.0
0.5,0.189839705824852,0.18249665200710297,0.03304383158683777,0.06504487991333008,0.14716273546218872,0.0,0,0,0
1.0,0.0,0.04621809720993042,0.05269724130630493,0.010582685470581055,0.06511324644088745,0.0034554600715637207,0,0,0
2.0,0.0,0.0,0.0,0.0032396316528320312,0.10249048471450806,0.01053929328918457,0,0,0
4.0,0.0,0.0,0.0,0.0,0.017021119594573975,0.05874449014663696,0,0,0
7.0,0.0,0.0,0.0,0.0,0.002591729164123535,0.009718716144561768,0,0,0
50.0,0.0,0.0,0.0,0.0,0.0,0.0,0,0,0
