hf time,inp time 0.5,inp time 1.0,inp time 2.0,inp time 4.0,inp time 7.0,inp time 10.0,inp time 15.0,inp time 20.0,inp time 50.0
0.5,0.30168065428733826,0.11193019151687622,0.08901718258857727,0.14458179473876953,0.08103162050247192,0,0,0,0
1.0,0.0,0.024227052927017212,0.023104757070541382,0.09313064813613892,0.03576880693435669,0,0,0,0
2.0,0.0,0.0,0.013987064361572266,0.043479979038238525,0.03602719306945801,0,0,0,0
4.0,0.0,0.0,0.0,0.0,0.002033054828643799,0,0,0,0
7.0,0.0,0.0,0.0,0.0,0.0,0,0,0,0
50.0,0.0,0.0,0.0,0.0,0.0,0,0,0,0
