hf time,inp time 0.5,inp time 1.0,inp time 2.0,inp time 4.0,inp time 7.0,inp time 10.0,inp time 15.0,inp time 20.0,inp time 50.0
0.5,0.1519646942615509,0.31085917353630066,0.3274286389350891,0.00010710954666137695,0,0,0,0,0
1.0,0.0,0.10301154851913452,0.1003485918045044,0.00012868642807006836,0,0,0,0,0
2.0,0.0,0.0,0.006151556968688965,0.0,0,0,0,0,0
4.0,0.0,0.0,0.0,0.0,0,0,0,0,0
7.0,0.0,0.0,0.0,0.0,0,0,0,0,0
50.0,0.0,0.0,0.0,0.0,0,0,0,0,0
