hf time,inp time 0.5,inp time 1.0,inp time 2.0,inp time 4.0,inp time 7.0,inp time 10.0,inp time 15.0,inp time 20.0,inp time 50.0
0.5,0.3107060492038727,0.36718180775642395,0.17962205410003662,0,0,0,0,0,0
1.0,0.0,0.08072298765182495,0.06176722049713135,0,0,0,0,0,0
2.0,0.0,0.0,0.0,0,0,0,0,0,0
4.0,0.0,0.0,0.0,0,0,0,0,0,0
7.0,0.0,0.0,0.0,0,0,0,0,0,0
50.0,0.0,0.0,0.0,0,0,0,0,0,0
