hf time,inp time 0.5,inp time 1.0,inp time 2.0,inp time 4.0,inp time 7.0,inp time 10.0,inp time 15.0,inp time 20.0,inp time 50.0
0.5,0.06667479127645493,0.0013662800192832947,0.10971282422542572,0.2563617527484894,0.15788871049880981,0.15343403816223145,0,0,0
1.0,0.0,0.03197111189365387,0.012843087315559387,0.00509151816368103,0.03988558053970337,0.01502913236618042,0,0,0
2.0,0.0,0.0,0.008350268006324768,0.007633969187736511,0.07694011926651001,0.013760507106781006,0,0,0
4.0,0.0,0.0,0.0,0.024456501007080078,0.01134026050567627,0.007259547710418701,0,0,0
7.0,0.0,0.0,0.0,0.0,0.0,0.0,0,0,0
50.0,0.0,0.0,0.0,0.0,0.0,0.0,0,0,0
