hf time,inp time 0.5,inp time 1.0,inp time 2.0,inp time 4.0,inp time 7.0,inp time 10.0,inp time 15.0,inp time 20.0,inp time 50.0
0.5,0.12037648260593414,0.06063629686832428,0.024792194366455078,0.09787556529045105,0.18019238114356995,0.0,0,0,0
1.0,0.0,0.01304328441619873,0.017225101590156555,0.09393398463726044,0.06985297799110413,0.0014934539794921875,0,0,0
2.0,0.0,0.0,0.04410813748836517,0.07361884415149689,0.11070066690444946,0.008027970790863037,0,0,0
4.0,0.0,0.0,0.0,0.01802164316177368,0.03754317760467529,0.02855783700942993,0,0,0
7.0,0.0,0.0,0.0,0.0,0.0,0.0,0,0,0
50.0,0.0,0.0,0.0,0.0,0.0,0.0,0,0,0
