hf time,inp time 0.5,inp time 1.0,inp time 2.0,inp time 4.0,inp time 7.0,inp time 10.0,inp time 15.0,inp time 20.0,inp time 50.0
0.5,0,0.08536034822463989,0.6602660417556763,0.20515036582946777,0,0,0,0,0
1.0,0,0.0,0.03166639804840088,0.017556846141815186,0,0,0,0,0
2.0,0,0.0,0.0,0.0,0,0,0,0,0
4.0,0,0.0,0.0,0.0,0,0,0,0,0
7.0,0,0.0,0.0,0.0,0,0,0,0,0
50.0,0,0.0,0.0,0.0,0,0,0,0,0
