hf time,inp time 0.5,inp time 1.0,inp time 2.0,inp time 4.0,inp time 7.0,inp time 10.0,inp time 15.0,inp time 20.0,inp time 50.0
0.5,0.04616311192512512,0.038349881768226624,0.04664058983325958,0.09593391418457031,0.051512211561203,0.0,0,0,0
1.0,0.0,0.009419269859790802,0.03731352835893631,0.3719429224729538,0.020807653665542603,0.0,0,0,0
2.0,0.0,0.0,0.026087448000907898,0.14944882690906525,0.07225841283798218,0.0,0,0,0
4.0,0.0,0.0,0.0,0.002605259418487549,0.03145182132720947,6.514787673950195e-05,0,0,0
7.0,0.0,0.0,0.0,0.0,0.0,0.0,0,0,0
50.0,0.0,0.0,0.0,0.0,0.0,0.0,0,0,0
