hf time,inp time 0.5,inp time 1.0,inp time 2.0,inp time 4.0,inp time 7.0,inp time 10.0,inp time 15.0,inp time 20.0,inp time 50.0
0.5,0.21082408726215363,0.11709238588809967,0.0896950364112854,0.18527087569236755,0.02963048219680786,0.0,0,0,0
1.0,0.0,0.0060045719146728516,0.09425678849220276,0.11271628737449646,0.06018024682998657,0.0,0,0,0
2.0,0.0,0.0,0.016758441925048828,0.031634509563446045,0.028902947902679443,0.008908867835998535,0,0,0
4.0,0.0,0.0,0.0,0.0,0.0040738582611083984,0.004050612449645996,0,0,0
7.0,0.0,0.0,0.0,0.0,0.0,0.0,0,0,0
50.0,0.0,0.0,0.0,0.0,0.0,0.0,0,0,0
