hf time,inp time 0.5,inp time 1.0,inp time 2.0,inp time 4.0,inp time 7.0,inp time 10.0,inp time 15.0,inp time 20.0,inp time 50.0
0.5,0,0,0,0.020095445215702057,0.31828372925519943,0.03482899069786072,0.04991111159324646,0.04073745012283325,0.0
1.0,0,0,0,0.029853392392396927,0.13498834893107414,0.06685909628868103,0.025810807943344116,0.044780075550079346,0.0
2.0,0,0,0,0.0010883994400501251,0.010728579014539719,0.09095966815948486,0.024255812168121338,0.01632601022720337,0.0
4.0,0,0,0,0.0,0.0,0.02860945463180542,0.045091092586517334,0.0010885000228881836,0.0
7.0,0,0,0,0.0,0.0,0.0,0.00046646595001220703,0.002021312713623047,0.00046640634536743164
50.0,0,0,0,0.0,0.0,0.0,0.0,0.012749850749969482,1.1920928955078125e-07
