hf time,inp time 0.5,inp time 1.0,inp time 2.0,inp time 4.0,inp time 7.0,inp time 10.0,inp time 15.0,inp time 20.0,inp time 50.0
0.5,0.1932818740606308,0.2732476145029068,0.18956369161605835,0.1215408444404602,0,0,0,0,0
1.0,0.0,0.006688535213470459,0.1730920672416687,0.02408623695373535,0,0,0,0,0
2.0,0.0,0.0,0.0,0.01849907636642456,0,0,0,0,0
4.0,0.0,0.0,0.0,0.0,0,0,0,0,0
7.0,0.0,0.0,0.0,0.0,0,0,0,0,0
50.0,0.0,0.0,0.0,0.0,0,0,0,0,0
