hf time,inp time 0.5,inp time 1.0,inp time 2.0,inp time 4.0,inp time 7.0,inp time 10.0,inp time 15.0,inp time 20.0,inp time 50.0
0.5,0,0,0.03137922286987305,0.06708215922117233,0.19677353650331497,0.12203153967857361,0,0,0
1.0,0,0,0.009377699345350266,0.004811923950910568,0.0804203525185585,0.02488526701927185,0,0,0
2.0,0,0,0.00874650850892067,0.09601325914263725,0.131409153342247,0.052956223487854004,0,0,0
4.0,0,0,0.0,0.03200112283229828,0.09702695906162262,0.03722947835922241,0,0,0
7.0,0,0,0.0,0.0,0.005318760871887207,0.0025368332862854004,0,0,0
50.0,0,0,0.0,0.0,0.0,0.0,0,0,0
