hf time,inp time 0.5,inp time 1.0,inp time 2.0,inp time 4.0,inp time 7.0,inp time 10.0,inp time 15.0,inp time 20.0,inp time 50.0
0.5,0.6091588735580444,0.0018898844718933105,0.03757882118225098,0.017737925052642822,0.0,0.03552216291427612,0.02021092176437378,0,0
1.0,0.0,0.06296902894973755,0.08031696081161499,0.032067954540252686,0.0,1.1920928955078125e-07,0.026641547679901123,0,0
2.0,0.0,0.0,0.007961928844451904,0.009545385837554932,0.0,0.00030612945556640625,0.0018375515937805176,0,0
4.0,0.0,0.0,0.0,0.006441295146942139,0.034110307693481445,0.0,0.00030612945556640625,0,0
7.0,0.0,0.0,0.0,0.0,0.004372954368591309,0.0061244964599609375,0.002143681049346924,0,0
50.0,0.0,0.0,0.0,0.0,0.0,0.002756059169769287,0.0,0,0
