hf time,inp time 0.5,inp time 1.0,inp time 2.0,inp time 4.0,inp time 7.0,inp time 10.0,inp time 15.0,inp time 20.0,inp time 50.0
0.5,0.2030705213546753,0.011166691780090332,0.017285719513893127,0.07571901381015778,0.02472621202468872,0.0785655677318573,0.0,0,0
1.0,0.0,0.10448822379112244,0.03090779483318329,0.02906040847301483,0.02612212300300598,0.002592235803604126,0.00021028518676757812,0,0
2.0,0.0,0.0,0.010369032621383667,0.045863211154937744,0.058142632246017456,0.008574426174163818,0.00019943714141845703,0,0
4.0,0.0,0.0,0.0,0.07756859064102173,0.06670123338699341,0.02672034502029419,0.0037887096405029297,0,0
7.0,0.0,0.0,0.0,0.0,0.050499916076660156,0.02472621202468872,0.004785776138305664,0,0
50.0,0.0,0.0,0.0,0.0,0.0,0.017148733139038086,0.0009969472885131836,0,0
