hf time,inp time 0.5,inp time 1.0,inp time 2.0,inp time 4.0,inp time 7.0,inp time 10.0,inp time 15.0,inp time 20.0,inp time 50.0
0.5,0.04905695840716362,0.0,0.0064562298357486725,0.03897073119878769,0.04682711511850357,0.10143277049064636,0.1600574105978012,0.03111433982849121,0
1.0,0.0,0.004641223698854446,0.00588579848408699,0.010786302387714386,0.013794034719467163,0.02525445818901062,0.04490844905376434,0.006041347980499268,0
2.0,0.0,0.0,0.011278972029685974,0.03098469227552414,0.0540352389216423,0.03536668419837952,0.08024901151657104,0.013716280460357666,0
4.0,0.0,0.0,0.0,0.024098366498947144,0.06445857882499695,0.05470934510231018,0.0337851345539093,0.04231548309326172,0
7.0,0.0,0.0,0.0,0.0,0.00622287392616272,0.0029818713665008545,0.0005702972412109375,0.0,0
50.0,0.0,0.0,0.0,0.0,0.0,0.0,0.0,0.0,0
