hf time,inp time 0.5,inp time 1.0,inp time 2.0,inp time 4.0,inp time 7.0,inp time 10.0,inp time 15.0,inp time 20.0,inp time 50.0
0.5,0.27801886200904846,0.2632831633090973,0.018457651138305664,0.06068986654281616,0.01229846477508545,0,0,0,0
1.0,0.0,0.14679574966430664,0.06346702575683594,0.06447666883468628,0.007616639137268066,0,0,0,0
2.0,0.0,0.0,0.020688891410827637,0.05927008390426636,0.0028920769691467285,0,0,0,0
4.0,0.0,0.0,0.0,0.0020449161529541016,5.960464477539063e-08,0,0,0,0
7.0,0.0,0.0,0.0,0.0,0.0,0,0,0,0
50.0,0.0,0.0,0.0,0.0,0.0,0,0,0,0
