hf time,inp time 0.5,inp time 1.0,inp time 2.0,inp time 4.0,inp time 7.0,inp time 10.0,inp time 15.0,inp time 20.0,inp time 50.0
0.5,0.40092891454696655,0.19797652959823608,0.22184592485427856,0.024984002113342285,0,0,0,0,0
1.0,0.0,0.06811779737472534,0.06303822994232178,0.014275789260864258,0,0,0,0,0
2.0,0.0,0.0,0.0037147998809814453,0.005118012428283691,0,0,0,0,0
4.0,0.0,0.0,0.0,0.0,0,0,0,0,0
7.0,0.0,0.0,0.0,0.0,0,0,0,0,0
50.0,0.0,0.0,0.0,0.0,0,0,0,0,0
