hf time,inp time 0.5,inp time 1.0,inp time 2.0,inp time 4.0,inp time 7.0,inp time 10.0,inp time 15.0,inp time 20.0,inp time 50.0
0.5,0.3831002414226532,0.22620388865470886,0.127355694770813,0.0019578933715820312,0.016858816146850586,0,0,0,0
1.0,0.0,0.11889445781707764,0.03517693281173706,0.01488405466079712,0.014557063579559326,0,0,0,0
2.0,0.0,0.0,0.056469619274139404,0.0025505423545837402,0.000622093677520752,0,0,0,0
4.0,0.0,0.0,0.0,0.0007464885711669922,0.000622093677520752,0,0,0,0
7.0,0.0,0.0,0.0,0.0,0.0,0,0,0,0
50.0,0.0,0.0,0.0,0.0,0.0,0,0,0,0
