hf time,inp time 0.5,inp time 1.0,inp time 2.0,inp time 4.0,inp time 7.0,inp time 10.0,inp time 15.0,inp time 20.0,inp time 50.0
0.5,0,0,0,0.0,0.5716089606285095,0.13260513544082642,0,0,0
1.0,0,0,0,0.0022915792651474476,0.16591326473280787,0.06388157606124878,0,0,0
2.0,0,0,0,0.004208846017718315,0.035030560567975044,0.0244600772857666,0,0,0
4.0,0,0,0,0.0,0.0,0.0,0,0,0
7.0,0,0,0,0.0,0.0,0.0,0,0,0
50.0,0,0,0,0.0,0.0,0.0,0,0,0
