hf time,inp time 0.5,inp time 1.0,inp time 2.0,inp time 4.0,inp time 7.0,inp time 10.0,inp time 15.0,inp time 20.0,inp time 50.0
0.5,0.12483404576778412,0.018756389617919922,0.040413349866867065,0.10987265408039093,0.03095376491546631,0.03649124503135681,0.013831555843353271,0,0
1.0,0.0,0.014054760336875916,0.052999287843704224,0.08766116201877594,0.06203567981719971,0.028001755475997925,0.012387096881866455,0,0
2.0,0.0,0.0,0.016851723194122314,0.10134321451187134,0.10207211971282959,0.05267524719238281,0.02382117509841919,0,0
4.0,0.0,0.0,0.0,0.022045433521270752,0.027781128883361816,0.012212038040161133,0.008905291557312012,0,0
7.0,0.0,0.0,0.0,0.0,0.0,0.0,0.0,0,0
50.0,0.0,0.0,0.0,0.0,0.0,0.0,0.0,0,0
