hf time,inp time 0.5,inp time 1.0,inp time 2.0,inp time 4.0,inp time 7.0,inp time 10.0,inp time 15.0,inp time 20.0,inp time 50.0
0.5,0.053612638264894485,0.0844045840203762,0.10842181742191315,0.25924789905548096,0.18588227033615112,0,0,0,0
1.0,0.0,0.011293202638626099,0.04688197374343872,0.09010890126228333,0.10410404205322266,0,0,0,0
2.0,0.0,0.0,0.004873991012573242,0.024643242359161377,0.026525437831878662,0,0,0,0
4.0,0.0,0.0,0.0,0.0,0.0,0,0,0,0
7.0,0.0,0.0,0.0,0.0,0.0,0,0,0,0
50.0,0.0,0.0,0.0,0.0,0.0,0,0,0,0
