hf time,inp time 0.5,inp time 1.0,inp time 2.0,inp time 4.0,inp time 7.0,inp time 10.0,inp time 15.0,inp time 20.0,inp time 50.0
0.5,0,0.006466596852988005,0.22580443369224668,0.44374965131282806,0.007874906063079834,0,0,0,0
1.0,0,0.024896398652344942,0.02424752665683627,0.20886723697185516,0.014297783374786377,0,0,0,0
2.0,0,0.0,0.0,0.04006540775299072,0.003730177879333496,0,0,0,0
4.0,0,0.0,0.0,0.0,0.0,0,0,0,0
7.0,0,0.0,0.0,0.0,0.0,0,0,0,0
50.0,0,0.0,0.0,0.0,0.0,0,0,0,0
