hf time,inp time 0.5,inp time 1.0,inp time 2.0,inp time 4.0,inp time 7.0,inp time 10.0,inp time 15.0,inp time 20.0,inp time 50.0
0.5,0,0.006675718817859888,0.03244440024718642,0.348067719489336,0.28352224826812744,0,0,0,0
1.0,0,0.0,0.041303206235170364,0.06284848973155022,0.11374178528785706,0,0,0,0
2.0,0,0.0,0.011691831052303314,0.012948878109455109,0.08571794629096985,0,0,0,0
4.0,0,0.0,0.0,0.0,0.0010377764701843262,0,0,0,0
7.0,0,0.0,0.0,0.0,0.0,0,0,0,0
50.0,0,0.0,0.0,0.0,0.0,0,0,0,0
