hf time,inp time 0.5,inp time 1.0,inp time 2.0,inp time 4.0,inp time 7.0,inp time 10.0,inp time 15.0,inp time 20.0,inp time 50.0
0.5,0.1327945590019226,0.20777824521064758,0.2977629005908966,0.07196962833404541,0,0,0,0,0
1.0,0.0,0.19051751494407654,0.0796327292919159,0.01912909746170044,0,0,0,0,0
2.0,0.0,0.0,0.0004153251647949219,0.0,0,0,0,0,0
4.0,0.0,0.0,0.0,0.0,0,0,0,0,0
7.0,0.0,0.0,0.0,0.0,0,0,0,0,0
50.0,0.0,0.0,0.0,0.0,0,0,0,0,0
