hf time,inp time 0.5,inp time 1.0,inp time 2.0,inp time 4.0,inp time 7.0,inp time 10.0,inp time 15.0,inp time 20.0,inp time 50.0
0.5,0.08393269032239914,0.013066858053207397,0.02879374474287033,0.13305728137493134,0.20572280883789062,0.017666518688201904,0,0,0
1.0,0.0,0.02497929334640503,0.019807428121566772,0.08465588092803955,0.27356693148612976,0.0001577138900756836,0,0,0
2.0,0.0,0.0,0.011924058198928833,0.01915830373764038,0.07885441184043884,0.0007886886596679688,0,0,0
4.0,0.0,0.0,0.0,0.00209730863571167,0.0017699599266052246,1.1920928955078125e-07,0,0,0
7.0,0.0,0.0,0.0,0.0,0.0,0.0,0,0,0
50.0,0.0,0.0,0.0,0.0,0.0,0.0,0,0,0
