hf time,inp time 0.5,inp time 1.0,inp time 2.0,inp time 4.0,inp time 7.0,inp time 10.0,inp time 15.0,inp time 20.0,inp time 50.0
0.5,0.15175102651119232,0.006164908409118652,0.060581862926483154,0.3444647938013077,0.03205639123916626,0,0,0,0
1.0,0.0,0.015530750155448914,0.006046369671821594,0.09105896949768066,0.0756801962852478,0,0,0,0
2.0,0.0,0.0,0.03236563503742218,0.06137441098690033,0.07988572120666504,0,0,0,0
4.0,0.0,0.0,0.0,0.011503100395202637,0.03153586387634277,0,0,0,0
7.0,0.0,0.0,0.0,0.0,0.0,0,0,0,0
50.0,0.0,0.0,0.0,0.0,0.0,0,0,0,0
