hf time,inp time 0.5,inp time 1.0,inp time 2.0,inp time 4.0,inp time 7.0,inp time 10.0,inp time 15.0,inp time 20.0,inp time 50.0
0.5,0.4394444525241852,0.07363930344581604,0.007557272911071777,0.20074141025543213,0.032831013202667236,0.0,0.0,0,0
1.0,0.0,0.03842568397521973,0.00607532262802124,0.02423173189163208,0.003917694091796875,0.0,0.0,0,0
2.0,0.0,0.0,0.010290682315826416,0.062276601791381836,0.012875020503997803,0.0,0.0,0,0
4.0,0.0,0.0,0.0,0.015075385570526123,0.03284752368927002,0.009656548500061035,0.0001399517059326172,0,0
7.0,0.0,0.0,0.0,0.0,0.01485973596572876,0.013715088367462158,0.0013995766639709473,0,0
50.0,0.0,0.0,0.0,0.0,0.0,0.0,0.0,0,0
