hf time,inp time 0.5,inp time 1.0,inp time 2.0,inp time 4.0,inp time 7.0,inp time 10.0,inp time 15.0,inp time 20.0,inp time 50.0
0.5,0.05470423400402069,0.0038239657878875732,0.018814943730831146,0.03462971746921539,0.06606780737638474,0.07742540538311005,0.0,0,0
1.0,0.0,0.01258985698223114,0.016888946294784546,0.0220954492688179,0.06762825697660446,0.0537276417016983,0.002947866916656494,0,0
2.0,0.0,0.0,0.02478443831205368,0.08711984008550644,0.11089573800563812,0.10496294498443604,0.032826006412506104,0,0
4.0,0.0,0.0,0.0,0.001052945852279663,0.09906432032585144,0.07984417676925659,0.02782207727432251,0,0
7.0,0.0,0.0,0.0,0.0,0.0,0.0001214742660522461,0.0001620650291442871,0,0
50.0,0.0,0.0,0.0,0.0,0.0,0.0,0.0,0,0
