hf time,inp time 0.5,inp time 1.0,inp time 2.0,inp time 4.0,inp time 7.0,inp time 10.0,inp time 15.0,inp time 20.0,inp time 50.0
0.5,0.10194140672683716,0.19338300824165344,0.20264190435409546,0.11178269982337952,0,0,0,0,0
1.0,0.0,0.05086234211921692,0.18152910470962524,0.14244112372398376,0,0,0,0,0
2.0,0.0,0.0,0.005931258201599121,0.009487271308898926,0,0,0,0,0
4.0,0.0,0.0,0.0,0.0,0,0,0,0,0
7.0,0.0,0.0,0.0,0.0,0,0,0,0,0
50.0,0.0,0.0,0.0,0.0,0,0,0,0,0
