hf time,inp time 0.5,inp time 1.0,inp time 2.0,inp time 4.0,inp time 7.0,inp time 10.0,inp time 15.0,inp time 20.0,inp time 50.0
0.5,0.02113189734518528,0.0,0.01008792407810688,0.04962464049458504,0.17445838451385498,0.05260205268859863,0,0,0
1.0,0.0,0.010153861716389656,0.0060000065714120865,0.028304148465394974,0.0914245992898941,0.06391662359237671,0,0,0
2.0,0.0,0.0,0.012953557074069977,0.06057628244161606,0.21660494804382324,0.09550833702087402,0,0,0
4.0,0.0,0.0,0.0,0.00599515438079834,0.06716275215148926,0.03334951400756836,0,0,0
7.0,0.0,0.0,0.0,0.0,0.0,0.00014519691467285156,0,0,0
50.0,0.0,0.0,0.0,0.0,0.0,0.0,0,0,0
