hf time,inp time 0.5,inp time 1.0,inp time 2.0,inp time 4.0,inp time 7.0,inp time 10.0,inp time 15.0,inp time 20.0,inp time 50.0
0.5,0.0003394761588424444,0,0,0,0.021211961517110467,0.3146943971514702,0.026988327503204346,0.0,0
1.0,0.0,0,0,0,0.026588767766952515,0.06993204355239868,0.025149911642074585,0.0,0
2.0,0.0,0,0,0,0.03643539547920227,0.12527018785476685,0.07965013384819031,0.022065937519073486,0
4.0,0.0,0,0,0,0.039943255484104156,0.1038796529173851,0.0477566123008728,0.03343832492828369,0
7.0,0.0,0,0,0,0.0,0.0,0.01528322696685791,0.011202752590179443,0
50.0,0.0,0,0,0,0.0,0.0,0.0,0.0001697540283203125,0
