hf time,inp time 0.5,inp time 1.0,inp time 2.0,inp time 4.0,inp time 7.0,inp time 10.0,inp time 15.0,inp time 20.0,inp time 50.0
0.5,0,0,0.034225113689899445,0.06636308878660202,0.1302725225687027,0.12066228687763214,0.27438291907310486,0.0,0
1.0,0,0,0.0024556145071983337,0.04414632171392441,0.07455894351005554,0.059189990162849426,0.05051138997077942,0.0003688931465148926,0
2.0,0,0,0.0012278072535991669,0.016591642051935196,0.05135558545589447,0.03244712948799133,0.026567935943603516,0.00514829158782959,0
4.0,0,0,0.0,0.0,0.008050620555877686,0.0,1.1920928955078125e-07,0.0014739036560058594,0
7.0,0,0,0.0,0.0,0.0,0.0,0.0,0.0,0
50.0,0,0,0.0,0.0,0.0,0.0,0.0,0.0,0
