hf time,inp time 0.5,inp time 1.0,inp time 2.0,inp time 4.0,inp time 7.0,inp time 10.0,inp time 15.0,inp time 20.0,inp time 50.0
0.5,0.1436602622270584,0.22827087342739105,0.5503036379814148,0.02454233169555664,0,0,0,0,0
1.0,0.0,0.007085233926773071,0.02248731255531311,0.01620018482208252,0,0,0,0,0
2.0,0.0,0.0,0.002012491226196289,0.003442227840423584,0,0,0,0,0
4.0,0.0,0.0,0.0,0.0019954442977905273,0,0,0,0,0
7.0,0.0,0.0,0.0,0.0,0,0,0,0,0
50.0,0.0,0.0,0.0,0.0,0,0,0,0,0
