hf time,inp time 0.5,inp time 1.0,inp time 2.0,inp time 4.0,inp time 7.0,inp time 10.0,inp time 15.0,inp time 20.0,inp time 50.0
0.5,0.023777246475219727,0.043588556349277496,0.01598840206861496,0.09590071439743042,0.08103641867637634,0.1496659815311432,0.010978519916534424,0,0
1.0,0.0,0.01313047856092453,0.04424162954092026,0.0771985799074173,0.09028717875480652,0.08280453085899353,0.0033218860626220703,0,0
2.0,0.0,0.0,0.022634416818618774,0.03319099545478821,0.07231020927429199,0.10297513008117676,0.0025885701179504395,0,0
4.0,0.0,0.0,0.0,0.005372762680053711,0.013895273208618164,0.011318325996398926,0.0037941932678222656,0,0
7.0,0.0,0.0,0.0,0.0,0.0,0.0,0.0,0,0
50.0,0.0,0.0,0.0,0.0,0.0,0.0,0.0,0,0
