hf time,inp time 0.5,inp time 1.0,inp time 2.0,inp time 4.0,inp time 7.0,inp time 10.0,inp time 15.0,inp time 20.0,inp time 50.0
0.5,0,0,0,0.0,0.052387308329343796,0.40696950629353523,0.0,0,0
1.0,0,0,0,0.0,0.029722105711698532,0.08775313571095467,0.0,0,0
2.0,0,0,0,0.0,0.04354531317949295,0.13643699139356613,0.008772730827331543,0,0
4.0,0,0,0,0.000698110437951982,0.05665093066636473,0.06695668399333954,0.07107669115066528,0,0
7.0,0,0,0,0.0,0.0,0.014754235744476318,0.024276375770568848,0,0
50.0,0,0,0,0.0,0.0,0.0,0.0,0,0
