hf time,inp time 0.5,inp time 1.0,inp time 2.0,inp time 4.0,inp time 7.0,inp time 10.0,inp time 15.0,inp time 20.0,inp time 50.0
0.5,0.007567778695374727,0.008370834868401289,0.00481833703815937,0.2915500793606043,0.09933814406394958,0.04220810532569885,0.0014427900314331055,0,0
1.0,0.0,0.005417225882411003,0.020403053611516953,0.13555303774774075,0.10587751865386963,0.037102073431015015,0.003811061382293701,0,0
2.0,0.0,0.0,0.04412723332643509,0.050973616540431976,0.059222012758255005,0.03617405891418457,0.005564630031585693,0,0
4.0,0.0,0.0,0.0,0.0016061067581176758,0.014306187629699707,0.013181686401367188,0.004578948020935059,0,0
7.0,0.0,0.0,0.0,0.0,0.002368330955505371,0.00393366813659668,0.0005034804344177246,0,0
50.0,0.0,0.0,0.0,0.0,0.0,0.0,0.0,0,0
