hf time,inp time 0.5,inp time 1.0,inp time 2.0,inp time 4.0,inp time 7.0,inp time 10.0,inp time 15.0,inp time 20.0,inp time 50.0
0.5,0.0893954187631607,0.12922728061676025,0.15955914556980133,0.13916292786598206,0.07976096868515015,0,0,0,0
1.0,0.0,0.20816193521022797,0.02605639398097992,0.11291125416755676,0.04942125082015991,0,0,0,0
2.0,0.0,0.0,0.0,0.0,0.0063433051109313965,0,0,0,0
4.0,0.0,0.0,0.0,0.0,0.0,0,0,0,0
7.0,0.0,0.0,0.0,0.0,0.0,0,0,0,0
50.0,0.0,0.0,0.0,0.0,0.0,0,0,0,0
