hf time,inp time 0.5,inp time 1.0,inp time 2.0,inp time 4.0,inp time 7.0,inp time 10.0,inp time 15.0,inp time 20.0,inp time 50.0
0.5,0.12100805342197418,0.013260439038276672,0.027178257703781128,0.1989421248435974,0.013694703578948975,0,0,0,0
1.0,0.0,0.11411754786968231,0.03428511321544647,0.1430480182170868,0.009115874767303467,0,0,0,0
2.0,0.0,0.0,0.12292283773422241,0.0960649847984314,0.010482490062713623,0,0,0,0
4.0,0.0,0.0,0.0,0.08785241842269897,0.008027136325836182,0,0,0,0
7.0,0.0,0.0,0.0,0.0,0.0,0,0,0,0
50.0,0.0,0.0,0.0,0.0,0.0,0,0,0,0
