hf time,inp time 0.5,inp time 1.0,inp time 2.0,inp time 4.0,inp time 7.0,inp time 10.0,inp time 15.0,inp time 20.0,inp time 50.0
0.5,0.31757208704948425,0.04737672209739685,0.10310781002044678,0.1849645972251892,0.08537405729293823,0.0,0,0,0
1.0,0.0,0.019564002752304077,0.04071435332298279,0.036062657833099365,0.009372055530548096,0.0,0,0,0
2.0,0.0,0.0,0.025591909885406494,0.06736361980438232,0.02478313446044922,0.0,0,0,0
4.0,0.0,0.0,0.0,0.0,0.029867351055145264,0.00828564167022705,0,0,0
7.0,0.0,0.0,0.0,0.0,0.0,0.0,0,0,0
50.0,0.0,0.0,0.0,0.0,0.0,0.0,0,0,0
