hf time,inp time 0.5,inp time 1.0,inp time 2.0,inp time 4.0,inp time 7.0,inp time 10.0,inp time 15.0,inp time 20.0,inp time 50.0
0.5,0.19777679443359375,0.05000296235084534,0.34132906794548035,0.1314389705657959,0.0058487653732299805,0,0,0,0
1.0,0.0,0.02558395266532898,0.1546081006526947,0.022545039653778076,0.0025495290756225586,0,0,0,0
2.0,0.0,0.0,0.01370692253112793,0.05052918195724487,0.004080712795257568,0,0,0,0
4.0,0.0,0.0,0.0,0.0,0.0,0,0,0,0
7.0,0.0,0.0,0.0,0.0,0.0,0,0,0,0
50.0,0.0,0.0,0.0,0.0,0.0,0,0,0,0
