hf time,inp time 0.5,inp time 1.0,inp time 2.0,inp time 4.0,inp time 7.0,inp time 10.0,inp time 15.0,inp time 20.0,inp time 50.0
0.5,0.26547181606292725,0.28179359436035156,0.17078685760498047,0.08616256713867188,0.012389123439788818,0,0,0,0
1.0,0.0,0.06262296438217163,0.05287367105484009,0.03718084096908569,0.004075169563293457,0,0,0,0
2.0,0.0,0.0,0.0003936886787414551,0.015622198581695557,0.010627508163452148,0,0,0,0
4.0,0.0,0.0,0.0,0.0,0.0,0,0,0,0
7.0,0.0,0.0,0.0,0.0,0.0,0,0,0,0
50.0,0.0,0.0,0.0,0.0,0.0,0,0,0,0
