hf time,inp time 0.5,inp time 1.0,inp time 2.0,inp time 4.0,inp time 7.0,inp time 10.0,inp time 15.0,inp time 20.0,inp time 50.0
0.5,0.23886285722255707,0.15514235198497772,0.24301519989967346,0.26690971851348877,0.02725684642791748,0,0,0,0
1.0,0.0,0.0066679418087005615,0.007054716348648071,0.0408971905708313,7.385015487670898e-05,0,0,0,0
2.0,0.0,0.0,0.013877689838409424,0.0002416372299194336,0.0,0,0,0,0
4.0,0.0,0.0,0.0,0.0,0.0,0,0,0,0
7.0,0.0,0.0,0.0,0.0,0.0,0,0,0,0
50.0,0.0,0.0,0.0,0.0,0.0,0,0,0,0
