hf time,inp time 0.5,inp time 1.0,inp time 2.0,inp time 4.0,inp time 7.0,inp time 10.0,inp time 15.0,inp time 20.0,inp time 50.0
0.5,0.09189165383577347,0.08560050278902054,0.16568706929683685,0.49673599004745483,0.0,0,0,0,0
1.0,0.0,0.00807797908782959,0.12429451942443848,0.027590155601501465,2.0325183868408203e-05,0,0,0,0
2.0,0.0,0.0,0.0,0.0001017451286315918,5.960464477539063e-08,0,0,0,0
4.0,0.0,0.0,0.0,0.0,0.0,0,0,0,0
7.0,0.0,0.0,0.0,0.0,0.0,0,0,0,0
50.0,0.0,0.0,0.0,0.0,0.0,0,0,0,0
