hf time,inp time 0.5,inp time 1.0,inp time 2.0,inp time 4.0,inp time 7.0,inp time 10.0,inp time 15.0,inp time 20.0,inp time 50.0
0.5,0.06474713236093521,0.04004034399986267,0.13928718119859695,0.13169266283512115,0.031972795724868774,0.02731671929359436,0,0,0
1.0,0.0,0.02052374929189682,0.06711717694997787,0.09229676425457001,0.025112837553024292,0.02008041739463806,0,0,0
2.0,0.0,0.0,0.06341567635536194,0.18456622958183289,0.031091809272766113,0.0013266205787658691,0,0,0
4.0,0.0,0.0,0.0,0.04038429260253906,0.01902759075164795,0.0,0,0,0
7.0,0.0,0.0,0.0,0.0,0.0,0.0,0,0,0
50.0,0.0,0.0,0.0,0.0,0.0,0.0,0,0,0
