hf time,inp time 0.5,inp time 1.0,inp time 2.0,inp time 4.0,inp time 7.0,inp time 10.0,inp time 15.0,inp time 20.0,inp time 50.0
0.5,0.4497631788253784,0.06555551290512085,0.03808784484863281,0.08718371391296387,0.002762138843536377,0,0,0,0
1.0,0.0,0.09019243717193604,0.00651019811630249,0.034406304359436035,0.007017195224761963,0,0,0,0
2.0,0.0,0.0,0.07883238792419434,0.038906097412109375,0.016387939453125,0,0,0,0
4.0,0.0,0.0,0.0,0.07601034641265869,0.007461369037628174,0,0,0,0
7.0,0.0,0.0,0.0,0.0,0.0009232759475708008,0,0,0,0
50.0,0.0,0.0,0.0,0.0,0.0,0,0,0,0
