hf time,inp time 0.5,inp time 1.0,inp time 2.0,inp time 4.0,inp time 7.0,inp time 10.0,inp time 15.0,inp time 20.0,inp time 50.0
0.5,0.33856794238090515,0.01707834005355835,0.010654330253601074,0.10987430810928345,0.09529247879981995,0.028986096382141113,0.0010967850685119629,0,0
1.0,0.0,0.0220966637134552,0.0021935999393463135,0.011124402284622192,0.046596676111221313,0.006267428398132324,0.01895850896835327,0,0
2.0,0.0,0.0,0.001588195562362671,0.011281102895736694,0.017135560512542725,0.0021933913230895996,0.0007834434509277344,0,0
4.0,0.0,0.0,0.0,0.07969874143600464,0.034156620502471924,0.029612958431243896,0.03807365894317627,0,0
7.0,0.0,0.0,0.0,0.0,0.006371021270751953,0.005170464515686035,0.06452041864395142,0,0
50.0,0.0,0.0,0.0,0.0,0.0,0.0006267428398132324,5.960464477539063e-08,0,0
