hf time,inp time 0.5,inp time 1.0,inp time 2.0,inp time 4.0,inp time 7.0,inp time 10.0,inp time 15.0,inp time 20.0,inp time 50.0
0.5,0,0.0,0.008687968365848064,0.21340351272374392,0.24362559616565704,0.04353600740432739,0,0,0
1.0,0,0.0016869842074811459,0.022689938079565763,0.12525858636945486,0.15034876763820648,0.003646254539489746,0,0,0
2.0,0,0.0,0.013495873659849167,0.08932580426335335,0.062334150075912476,0.005569040775299072,0,0,0
4.0,0,0.0,0.0,0.0,0.0021262764930725098,0.014265120029449463,0,0,0
7.0,0,0.0,0.0,0.0,0.0,0.0,0,0,0
50.0,0,0.0,0.0,0.0,0.0,0.0,0,0,0
