hf time,inp time 0.5,inp time 1.0,inp time 2.0,inp time 4.0,inp time 7.0,inp time 10.0,inp time 15.0,inp time 20.0,inp time 50.0
0.5,0,0,0.2674804627895355,0.6250259578227997,0,0,0,0,0
1.0,0,0,0.020658671855926514,0.08683502674102783,0,0,0,0,0
2.0,0,0,0.0,0.0,0,0,0,0,0
4.0,0,0,0.0,0.0,0,0,0,0,0
7.0,0,0,0.0,0.0,0,0,0,0,0
50.0,0,0,0.0,0.0,0,0,0,0,0
