hf time,inp time 0.5,inp time 1.0,inp time 2.0,inp time 4.0,inp time 7.0,inp time 10.0,inp time 15.0,inp time 20.0,inp time 50.0
0.5,0.000177245688973926,0.02640960727876518,0.006469469517469406,0.38916658982634544,0.10887938737869263,0,0,0,0
1.0,0.0,0.002215571701526642,0.08525830134749413,0.21475326642394066,0.12246578931808472,0,0,0,0
2.0,0.0,0.0,0.005849115550518036,0.026604004204273224,0.011751651763916016,0,0,0,0
4.0,0.0,0.0,0.0,0.0,0.0,0,0,0,0
7.0,0.0,0.0,0.0,0.0,0.0,0,0,0,0
50.0,0.0,0.0,0.0,0.0,0.0,0,0,0,0
