hf time,inp time 0.5,inp time 1.0,inp time 2.0,inp time 4.0,inp time 7.0,inp time 10.0,inp time 15.0,inp time 20.0,inp time 50.0
0.5,0.05367448180913925,0.0006162412464618683,0.11629966273903847,0.2950075715780258,0.040067046880722046,0,0,0,0
1.0,0.0,0.028485815972089767,0.11685231700539589,0.22048522531986237,0.022297173738479614,0,0,0,0
2.0,0.0,0.0,0.0461881160736084,0.059788405895233154,0.00023794174194335938,0,0,0,0
4.0,0.0,0.0,0.0,0.0,0.0,0,0,0,0
7.0,0.0,0.0,0.0,0.0,0.0,0,0,0,0
50.0,0.0,0.0,0.0,0.0,0.0,0,0,0,0
