hf time,inp time 0.5,inp time 1.0,inp time 2.0,inp time 4.0,inp time 7.0,inp time 10.0,inp time 15.0,inp time 20.0,inp time 50.0
0.5,0.10391341894865036,0.040436483919620514,0.1532648205757141,0.18949580192565918,0.027727335691452026,0.0,0,0,0
1.0,0.0,0.01400667428970337,0.049244195222854614,0.12185031175613403,0.02909603714942932,0.0,0,0,0
2.0,0.0,0.0,0.02012157440185547,0.12282425165176392,0.05002659559249878,0.0,0,0,0
4.0,0.0,0.0,0.0,0.014589130878448486,0.059780657291412354,0.0,0,0,0
7.0,0.0,0.0,0.0,0.0,0.0024376511573791504,0.0011850595474243164,0,0,0
50.0,0.0,0.0,0.0,0.0,0.0,0.0,0,0,0
