hf time,inp time 0.5,inp time 1.0,inp time 2.0,inp time 4.0,inp time 7.0,inp time 10.0,inp time 15.0,inp time 20.0,inp time 50.0
0.5,0,0,0,0.011077922768890858,0.19222589116543531,0.1352333128452301,0.0,0,0
1.0,0,0,0,0.0,0.12038704752922058,0.11628252267837524,0.0,0,0
2.0,0,0,0,0.0,0.08483350276947021,0.2552424669265747,0.0,0,0
4.0,0,0,0,0.0,0.0029051899909973145,0.017207205295562744,0.06460493803024292,0,0
7.0,0,0,0,0.0,0.0,0.0,0.0,0,0
50.0,0,0,0,0.0,0.0,0.0,0.0,0,0
