hf time,inp time 0.5,inp time 1.0,inp time 2.0,inp time 4.0,inp time 7.0,inp time 10.0,inp time 15.0,inp time 20.0,inp time 50.0
0.5,0.017708076164126396,0.00013147853314876556,0.033455464988946915,0.08318907767534256,0.2519135922193527,0,0,0,0
1.0,0.0,0.005996957421302795,0.028272978961467743,0.1420254483819008,0.23610930144786835,0,0,0,0
2.0,0.0,0.0,0.07764267921447754,0.06303837895393372,0.06051644682884216,0,0,0,0
4.0,0.0,0.0,0.0,0.0,0.0,0,0,0,0
7.0,0.0,0.0,0.0,0.0,0.0,0,0,0,0
50.0,0.0,0.0,0.0,0.0,0.0,0,0,0,0
