hf time,inp time 0.5,inp time 1.0,inp time 2.0,inp time 4.0,inp time 7.0,inp time 10.0,inp time 15.0,inp time 20.0,inp time 50.0
0.5,0.03857990726828575,0.00037261098623275757,0.0,0.14741190895438194,0.03722117841243744,0.03889051079750061,0.0,0,0
1.0,0.0,0.004471372812986374,5.732104182243347e-05,0.0493323877453804,0.05705064535140991,0.013765573501586914,0.0,0,0
2.0,0.0,0.0,0.03314197435975075,0.07986242696642876,0.17925070226192474,0.02641931176185608,0.0,0,0
4.0,0.0,0.0,0.0,0.04215449094772339,0.13649970293045044,0.05801194906234741,0.015676259994506836,0,0
7.0,0.0,0.0,0.0,0.0,0.009241759777069092,0.02831566333770752,0.004272341728210449,0,0
50.0,0.0,0.0,0.0,0.0,0.0,0.0,0.0,0,0
