hf time,inp time 0.5,inp time 1.0,inp time 2.0,inp time 4.0,inp time 7.0,inp time 10.0,inp time 15.0,inp time 20.0,inp time 50.0
0.5,0.1035834327340126,0.006230577826499939,0.012071751058101654,0.03582584857940674,0.0368642657995224,0.0009086430072784424,0,0,0
1.0,0.0,0.01934076100587845,0.03556624799966812,0.05740734934806824,0.036519721150398254,0.0007787942886352539,0,0,0
2.0,0.0,0.0,0.029205843806266785,0.13738732039928436,0.15166929364204407,0.013400465250015259,0,0,0
4.0,0.0,0.0,0.0,0.03024423122406006,0.24196839332580566,0.04354339838027954,0,0,0
7.0,0.0,0.0,0.0,0.0,0.001221776008605957,0.0062618255615234375,0,0,0
50.0,0.0,0.0,0.0,0.0,0.0,0.0,0,0,0
