hf time,inp time 0.5,inp time 1.0,inp time 2.0,inp time 4.0,inp time 7.0,inp time 10.0,inp time 15.0,inp time 20.0,inp time 50.0
0.5,0.35324332118034363,0.30521920323371887,0.1550406813621521,0.06845134496688843,0.018067002296447754,0,0,0,0
1.0,0.0,0.05094963312149048,0.03169828653335571,0.00913172960281372,0.00014722347259521484,0,0,0,0
2.0,0.0,0.0,0.008002519607543945,4.9054622650146484e-05,0.0,0,0,0,0
4.0,0.0,0.0,0.0,0.0,0.0,0,0,0,0
7.0,0.0,0.0,0.0,0.0,0.0,0,0,0,0
50.0,0.0,0.0,0.0,0.0,0.0,0,0,0,0
