hf time,inp time 0.5,inp time 1.0,inp time 2.0,inp time 4.0,inp time 7.0,inp time 10.0,inp time 15.0,inp time 20.0,inp time 50.0
0.5,0.09563492238521576,0.031157881021499634,0.06430943310260773,0.09334859251976013,0.21020063757896423,0.0,0,0,0
1.0,0.0,0.021432310342788696,0.03036491572856903,0.11984886229038239,0.1682964563369751,0.0,0,0,0
2.0,0.0,0.0,0.010896250605583191,0.0463891476392746,0.09675648808479309,0.009743094444274902,0,0,0
4.0,0.0,0.0,0.0,0.0,0.001620948314666748,5.960464477539063e-08,0,0,0
7.0,0.0,0.0,0.0,0.0,0.0,0.0,0,0,0
50.0,0.0,0.0,0.0,0.0,0.0,0.0,0,0,0
