hf time,inp time 0.5,inp time 1.0,inp time 2.0,inp time 4.0,inp time 7.0,inp time 10.0,inp time 15.0,inp time 20.0,inp time 50.0
0.5,0.005746603477746248,0.10582798672839999,0.14540576934814453,0.24424254894256592,0.01023179292678833,0.006920337677001953,0.0,0.0,0
1.0,0.0,0.0031511709094047546,0.054547019302845,0.15819400548934937,0.041780054569244385,0.0026847124099731445,0.0,0.0,0
2.0,0.0,0.0,0.009109079837799072,0.08233392238616943,0.05263477563858032,0.0032140612602233887,0.002953946590423584,0.00014209747314453125,0
4.0,0.0,0.0,0.0,0.0,0.02707505226135254,0.01213383674621582,0.009848475456237793,0.0,0
7.0,0.0,0.0,0.0,0.0,0.0,0.0025040507316589355,0.019318699836730957,0.0,0
50.0,0.0,0.0,0.0,0.0,0.0,0.0,0.0,0.0,0
