hf time,inp time 0.5,inp time 1.0,inp time 2.0,inp time 4.0,inp time 7.0,inp time 10.0,inp time 15.0,inp time 20.0,inp time 50.0
0.5,0,0,0,0,0,0,0.3548402488231659,0.12490814924240112,0
1.0,0,0,0,0,0,0,0.15149924159049988,0.2008327841758728,0
2.0,0,0,0,0,0,0,0.1411488652229309,0.02064305543899536,0
4.0,0,0,0,0,0,0,0.00016349554061889648,0.005964100360870361,0
7.0,0,0,0,0,0,0,0.0,0.0,0
50.0,0,0,0,0,0,0,0.0,0.0,0
