hf time,inp time 0.5,inp time 1.0,inp time 2.0,inp time 4.0,inp time 7.0,inp time 10.0,inp time 15.0,inp time 20.0,inp time 50.0
0.5,0,0,0,0.012997581623494625,0.7009458998218179,0,0,0,0
1.0,0,0,0,0.038869828917086124,0.22855314519256353,0,0,0,0
2.0,0,0,0,0.0025590024888515472,0.016074661165475845,0,0,0,0
4.0,0,0,0,0.0,0.0,0,0,0,0
7.0,0,0,0,0.0,0.0,0,0,0,0
50.0,0,0,0,0.0,0.0,0,0,0,0
