hf time,inp time 0.5,inp time 1.0,inp time 2.0,inp time 4.0,inp time 7.0,inp time 10.0,inp time 15.0,inp time 20.0,inp time 50.0
0.5,0.33214980363845825,0.2622883915901184,0.09260475635528564,0.03491485118865967,0.0,0,0,0,0
1.0,0.0,0.1110948920249939,0.057673513889312744,0.00834500789642334,0.0015736818313598633,0,0,0,0
2.0,0.0,0.0,0.06004375219345093,0.03404951095581055,0.0,0,0,0,0
4.0,0.0,0.0,0.0,0.005261838436126709,0.0,0,0,0,0
7.0,0.0,0.0,0.0,0.0,0.0,0,0,0,0
50.0,0.0,0.0,0.0,0.0,0.0,0,0,0,0
