hf time,inp time 0.5,inp time 1.0,inp time 2.0,inp time 4.0,inp time 7.0,inp time 10.0,inp time 15.0,inp time 20.0,inp time 50.0
0.5,0.0001519889774499461,0.3976312010345282,0.4273931086063385,0.09611576795578003,0,0,0,0,0
1.0,0.0,0.0032284557819366455,0.009307414293289185,0.03472554683685303,0,0,0,0,0
2.0,0.0,0.0,0.005594491958618164,0.02585214376449585,0,0,0,0,0
4.0,0.0,0.0,0.0,0.0,0,0,0,0,0
7.0,0.0,0.0,0.0,0.0,0,0,0,0,0
50.0,0.0,0.0,0.0,0.0,0,0,0,0,0
