hf time,inp time 0.5,inp time 1.0,inp time 2.0,inp time 4.0,inp time 7.0,inp time 10.0,inp time 15.0,inp time 20.0,inp time 50.0
0.5,0,0,0.0,0.19842247664928436,0.40867121517658234,0.0,0,0,0
1.0,0,0,0.004276089370250702,0.059967152774333954,0.2650599628686905,0.0,0,0,0
2.0,0,0,0.0,0.007774710655212402,0.05549520254135132,0.0003331899642944336,0,0,0
4.0,0,0,0.0,0.0,0.0,0.0,0,0,0
7.0,0,0,0.0,0.0,0.0,0.0,0,0,0
50.0,0,0,0.0,0.0,0.0,0.0,0,0,0
