hf time,inp time 0.5,inp time 1.0,inp time 2.0,inp time 4.0,inp time 7.0,inp time 10.0,inp time 15.0,inp time 20.0,inp time 50.0
0.5,0.26359236240386963,0.2409679889678955,0.019926369190216064,0.011352121829986572,0.007011294364929199,0,0,0,0
1.0,0.0,0.17248767614364624,0.09413772821426392,0.015591561794281006,0.023827970027923584,0,0,0,0
2.0,0.0,0.0,0.0,0.007303476333618164,0.11175626516342163,0,0,0,0
4.0,0.0,0.0,0.0,0.0009399652481079102,0.031105220317840576,0,0,0,0
7.0,0.0,0.0,0.0,0.0,0.0,0,0,0,0
50.0,0.0,0.0,0.0,0.0,0.0,0,0,0,0
