hf time,inp time 0.5,inp time 1.0,inp time 2.0,inp time 4.0,inp time 7.0,inp time 10.0,inp time 15.0,inp time 20.0,inp time 50.0
0.5,0.018642498180270195,0.06054428406059742,0.09782926738262177,0.06124557554721832,0.062409862875938416,0.07345962524414062,0.009584248065948486,0,0
1.0,0.0,0.010402403771877289,0.014843858778476715,0.08234257996082306,0.0673106461763382,0.05838197469711304,0.0027467012405395508,0,0
2.0,0.0,0.0,0.0018116682767868042,0.037292495369911194,0.04262024164199829,0.14738678932189941,0.0015193819999694824,0,0
4.0,0.0,0.0,0.0,0.023930013179779053,0.060070812702178955,0.06372767686843872,5.960464477539063e-08,0,0
7.0,0.0,0.0,0.0,0.0,0.001897275447845459,0.0,5.960464477539063e-08,0,0
50.0,0.0,0.0,0.0,0.0,0.0,0.0,0.0,0,0
