hf time,inp time 0.5,inp time 1.0,inp time 2.0,inp time 4.0,inp time 7.0,inp time 10.0,inp time 15.0,inp time 20.0,inp time 50.0
0.5,0.5233414769172668,0.13649439811706543,0.030270397663116455,0.033744752407073975,0.0,0,0,0,0
1.0,0.0,0.050025224685668945,0.0326802134513855,0.05726867914199829,0.0022636055946350098,0,0,0,0
2.0,0.0,0.0,0.01539236307144165,0.08184880018234253,0.016524136066436768,0,0,0,0
4.0,0.0,0.0,0.0,0.0002263784408569336,0.01991957426071167,0,0,0,0
7.0,0.0,0.0,0.0,0.0,0.0,0,0,0,0
50.0,0.0,0.0,0.0,0.0,0.0,0,0,0,0
