hf time,inp time 0.5,inp time 1.0,inp time 2.0,inp time 4.0,inp time 7.0,inp time 10.0,inp time 15.0,inp time 20.0,inp time 50.0
0.5,0.16442030668258667,0.026877999305725098,0.05663508176803589,0.4703666567802429,0.002986907958984375,0,0,0,0
1.0,0.0,0.024306342005729675,0.049609825015068054,0.131279855966568,0.025944054126739502,0,0,0,0
2.0,0.0,0.0,0.008544504642486572,0.021176815032958984,0.002320706844329834,0,0,0,0
4.0,0.0,0.0,0.0,0.015531063079833984,0.0,0,0,0,0
7.0,0.0,0.0,0.0,0.0,0.0,0,0,0,0
50.0,0.0,0.0,0.0,0.0,0.0,0,0,0,0
