hf time,inp time 0.5,inp time 1.0,inp time 2.0,inp time 4.0,inp time 7.0,inp time 10.0,inp time 15.0,inp time 20.0,inp time 50.0
0.5,0.03533124178647995,0.1716117039322853,0.6607289016246796,0.038435518741607666,0,0,0,0,0
1.0,0.0,0.003391057252883911,0.08184978365898132,0.008651793003082275,0,0,0,0,0
2.0,0.0,0.0,0.0,0.0,0,0,0,0,0
4.0,0.0,0.0,0.0,0.0,0,0,0,0,0
7.0,0.0,0.0,0.0,0.0,0,0,0,0,0
50.0,0.0,0.0,0.0,0.0,0,0,0,0,0
