hf time,inp time 0.5,inp time 1.0,inp time 2.0,inp time 4.0,inp time 7.0,inp time 10.0,inp time 15.0,inp time 20.0,inp time 50.0
0.5,0.06557322293519974,0.09701766818761826,0.10027718544006348,0.2671342194080353,0.015338718891143799,0,0,0,0
1.0,0.0,0.0,0.12257468700408936,0.07554340362548828,0.02339160442352295,0,0,0,0
2.0,0.0,0.0,0.0,0.22988969087600708,0.0032595396041870117,0,0,0,0
4.0,0.0,0.0,0.0,0.0,0.0,0,0,0,0
7.0,0.0,0.0,0.0,0.0,0.0,0,0,0,0
50.0,0.0,0.0,0.0,0.0,0.0,0,0,0,0
