hf time,inp time 0.5,inp time 1.0,inp time 2.0,inp time 4.0,inp time 7.0,inp time 10.0,inp time 15.0,inp time 20.0,inp time 50.0
0.5,0.2629331648349762,0.06083884835243225,0.013893932104110718,0.29366829991340637,0.14738744497299194,0,0,0,0
1.0,0.0,0.013262391090393066,0.0014736652374267578,0.007999539375305176,0.11018705368041992,0,0,0,0
2.0,0.0,0.0,0.021051496267318726,0.04315558075904846,0.022744178771972656,0,0,0,0
4.0,0.0,0.0,0.0,0.0005263090133666992,0.0008780956268310547,0,0,0,0
7.0,0.0,0.0,0.0,0.0,0.0,0,0,0,0
50.0,0.0,0.0,0.0,0.0,0.0,0,0,0,0
