hf time,inp time 0.5,inp time 1.0,inp time 2.0,inp time 4.0,inp time 7.0,inp time 10.0,inp time 15.0,inp time 20.0,inp time 50.0
0.5,0,0,0.022972356528043747,0.4451368935406208,0.23922431468963623,0,0,0,0
1.0,0,0,0.000241180881857872,0.13933984376490116,0.13922244310379028,0,0,0,0
2.0,0,0,0.0,0.013532519340515137,0.0003304481506347656,0,0,0,0
4.0,0,0,0.0,0.0,0.0,0,0,0,0
7.0,0,0,0.0,0.0,0.0,0,0,0,0
50.0,0,0,0.0,0.0,0.0,0,0,0,0
