hf time,inp time 0.5,inp time 1.0,inp time 2.0,inp time 4.0,inp time 7.0,inp time 10.0,inp time 15.0,inp time 20.0,inp time 50.0
0.5,0.39345091581344604,0.062186866998672485,0.11361601948738098,0.05451124906539917,0.10372334718704224,0.02083420753479004,0.004869639873504639,0,0
1.0,0.0,0.0002988576889038086,0.005142569541931152,0.014840245246887207,0.04205048084259033,0.055835068225860596,0.0005244612693786621,0,0
2.0,0.0,0.0,0.00699383020401001,0.016044974327087402,0.02167677879333496,0.07027888298034668,0.0033908486366271973,0,0
4.0,0.0,0.0,0.0,0.0,0.0,0.009730696678161621,0.0,0,0
7.0,0.0,0.0,0.0,0.0,0.0,0.0,0.0,0,0
50.0,0.0,0.0,0.0,0.0,0.0,0.0,0.0,0,0
