hf time,inp time 0.5,inp time 1.0,inp time 2.0,inp time 4.0,inp time 7.0,inp time 10.0,inp time 15.0,inp time 20.0,inp time 50.0
0.5,0.1096702516078949,0.32567474246025085,0.320334792137146,0.08804577589035034,0,0,0,0,0
1.0,0.0,0.0010133087635040283,0.13691189885139465,0.01834923028945923,0,0,0,0,0
2.0,0.0,0.0,0.0,0.0,0,0,0,0,0
4.0,0.0,0.0,0.0,0.0,0,0,0,0,0
7.0,0.0,0.0,0.0,0.0,0,0,0,0,0
50.0,0.0,0.0,0.0,0.0,0,0,0,0,0
