hf time,inp time 0.5,inp time 1.0,inp time 2.0,inp time 4.0,inp time 7.0,inp time 10.0,inp time 15.0,inp time 20.0,inp time 50.0
0.5,0.18071405589580536,0.3701934367418289,0.3510746359825134,0.0023604631423950195,0.008823931217193604,0.0010116100311279297,0.0,0,0
1.0,0.0,0.003370225429534912,0.06360012292861938,0.0040468573570251465,0.0033159852027893066,0.0005058646202087402,0.0,0,0
2.0,0.0,0.0,0.0010679364204406738,0.00319516658782959,0.003207862377166748,0.0005578398704528809,0.0,0,0
4.0,0.0,0.0,0.0,0.0,0.0005373954772949219,0.000590205192565918,0.00011229515075683594,0,0
7.0,0.0,0.0,0.0,0.0,0.000899195671081543,0.0006743669509887695,0.00014066696166992188,0,0
50.0,0.0,0.0,0.0,0.0,0.0,0.0,0.0,0,0
