hf time,inp time 0.5,inp time 1.0,inp time 2.0,inp time 4.0,inp time 7.0,inp time 10.0,inp time 15.0,inp time 20.0,inp time 50.0
0.5,0.1953764259815216,0.22094842791557312,0.2153680920600891,0.08790093660354614,0.016838490962982178,0,0,0,0
1.0,0.0,0.08484750986099243,0.08132272958755493,0.07541382312774658,0.01279151439666748,0,0,0,0
2.0,0.0,0.0,0.001372992992401123,0.00372469425201416,0.004094362258911133,0,0,0,0
4.0,0.0,0.0,0.0,0.0,0.0,0,0,0,0
7.0,0.0,0.0,0.0,0.0,0.0,0,0,0,0
50.0,0.0,0.0,0.0,0.0,0.0,0,0,0,0
