hf time,inp time 0.5,inp time 1.0,inp time 2.0,inp time 4.0,inp time 7.0,inp time 10.0,inp time 15.0,inp time 20.0,inp time 50.0
0.5,0.30919304490089417,0.2704666554927826,0.020627319812774658,0.007927298545837402,0.0,0,0,0,0
1.0,0.0,0.35723793506622314,0.02994483709335327,0.0024480819702148438,0.0011120438575744629,0,0,0,0
2.0,0.0,0.0,0.0,0.001042783260345459,0.0,0,0,0,0
4.0,0.0,0.0,0.0,0.0,0.0,0,0,0,0
7.0,0.0,0.0,0.0,0.0,0.0,0,0,0,0
50.0,0.0,0.0,0.0,0.0,0.0,0,0,0,0
