hf time,inp time 0.5,inp time 1.0,inp time 2.0,inp time 4.0,inp time 7.0,inp time 10.0,inp time 15.0,inp time 20.0,inp time 50.0
0.5,0.49222612380981445,0.5010520815849304,0,0,0,0,0,0,0
1.0,0.0,0.006721794605255127,0,0,0,0,0,0,0
2.0,0.0,0.0,0,0,0,0,0,0,0
4.0,0.0,0.0,0,0,0,0,0,0,0
7.0,0.0,0.0,0,0,0,0,0,0,0
50.0,0.0,0.0,0,0,0,0,0,0,0
