hf time,inp time 0.5,inp time 1.0,inp time 2.0,inp time 4.0,inp time 7.0,inp time 10.0,inp time 15.0,inp time 20.0,inp time 50.0
0.5,0.5343671441078186,0.08181029558181763,0.20962649583816528,0.048761725425720215,0.0,0,0,0,0
1.0,0.0,0.02243959903717041,0.03719615936279297,0.04669982194900513,0.0,0,0,0,0
2.0,0.0,0.0,0.0018844008445739746,0.011436164379119873,0.0,0,0,0,0
4.0,0.0,0.0,0.0,0.005637228488922119,0.0,0,0,0,0
7.0,0.0,0.0,0.0,0.0,0.00014096498489379883,0,0,0,0
50.0,0.0,0.0,0.0,0.0,0.0,0,0,0,0
