hf time,inp time 0.5,inp time 1.0,inp time 2.0,inp time 4.0,inp time 7.0,inp time 10.0,inp time 15.0,inp time 20.0,inp time 50.0
0.5,0.17696033418178558,0.03376348316669464,0.010691896080970764,0.07883875072002411,0.24172884225845337,0.0058141350746154785,0,0,0
1.0,0.0,0.02419896423816681,0.007906347513198853,0.017529532313346863,0.12211087346076965,0.0028807520866394043,0,0,0
2.0,0.0,0.0,0.012379944324493408,0.04827648401260376,0.11235165596008301,0.036383748054504395,0,0,0
4.0,0.0,0.0,0.0,0.010084331035614014,0.02140599489212036,0.026035189628601074,0,0,0
7.0,0.0,0.0,0.0,0.0,0.0,0.010658740997314453,0,0,0
50.0,0.0,0.0,0.0,0.0,0.0,0.0,0,0,0
