hf time,inp time 0.5,inp time 1.0,inp time 2.0,inp time 4.0,inp time 7.0,inp time 10.0,inp time 15.0,inp time 20.0,inp time 50.0
0.5,0.10139117389917374,0.055965520441532135,0.04335123300552368,0.05992014706134796,0.21091246604919434,0.019698679447174072,0,0,0
1.0,0.0,0.011732995510101318,0.05396066606044769,0.03844021260738373,0.12733763456344604,0.005908370018005371,0,0,0
2.0,0.0,0.0,0.030487924814224243,0.13577106595039368,0.08461600542068481,0.0018783807754516602,0,0,0
4.0,0.0,0.0,0.0,0.0044713616371154785,0.014156222343444824,0.0,0,0,0
7.0,0.0,0.0,0.0,0.0,0.0,0.0,0,0,0
50.0,0.0,0.0,0.0,0.0,0.0,0.0,0,0,0
