hf time,inp time 0.5,inp time 1.0,inp time 2.0,inp time 4.0,inp time 7.0,inp time 10.0,inp time 15.0,inp time 20.0,inp time 50.0
0.5,0.6032953858375549,0.07142907381057739,0.0019614100456237793,0,0,0,0,0,0
1.0,0.0,0.2723207473754883,0.0509379506111145,0,0,0,0,0,0
2.0,0.0,0.0,5.53131103515625e-05,0,0,0,0,0,0
4.0,0.0,0.0,0.0,0,0,0,0,0,0
7.0,0.0,0.0,0.0,0,0,0,0,0,0
50.0,0.0,0.0,0.0,0,0,0,0,0,0
