hf time,inp time 0.5,inp time 1.0,inp time 2.0,inp time 4.0,inp time 7.0,inp time 10.0,inp time 15.0,inp time 20.0,inp time 50.0
0.5,0.14105749130249023,0.07509966194629669,0.19614051282405853,0.2593740224838257,0.05550515651702881,0,0,0,0
1.0,0.0,0.03287865221500397,0.06491397321224213,0.16281390190124512,0.010484814643859863,0,0,0,0
2.0,0.0,0.0,0.0006014108657836914,0.0006898045539855957,0.0004405379295349121,0,0,0,0
4.0,0.0,0.0,0.0,0.0,0.0,0,0,0,0
7.0,0.0,0.0,0.0,0.0,0.0,0,0,0,0
50.0,0.0,0.0,0.0,0.0,0.0,0,0,0,0
