hf time,inp time 0.5,inp time 1.0,inp time 2.0,inp time 4.0,inp time 7.0,inp time 10.0,inp time 15.0,inp time 20.0,inp time 50.0
0.5,0.07118146121501923,0.008360110223293304,0.011294171214103699,0.07204132527112961,0.001552864909172058,0.024885788559913635,0.048874467611312866,0.02210603654384613,0
1.0,0.0,0.004059463739395142,0.013143062591552734,0.04629521071910858,0.008670076727867126,0.016144022345542908,0.022278308868408203,0.02463822066783905,0
2.0,0.0,0.0,0.007456459105014801,0.04630541056394577,0.035759687423706055,0.05633199214935303,0.058079928159713745,0.09690478444099426,0
4.0,0.0,0.0,0.0,0.002363055944442749,0.038980960845947266,0.07955512404441833,0.06705403327941895,0.07648700475692749,0
7.0,0.0,0.0,0.0,0.0,0.0,0.007516086101531982,0.017894744873046875,0.013786256313323975,0
50.0,0.0,0.0,0.0,0.0,0.0,0.0,0.0,0.0,0
