hf time,inp time 0.5,inp time 1.0,inp time 2.0,inp time 4.0,inp time 7.0,inp time 10.0,inp time 15.0,inp time 20.0,inp time 50.0
0.5,0.0932745486497879,0.042615339159965515,0.029608264565467834,0.04376980662345886,0.07990716397762299,0.027183711528778076,0.004164516925811768,0,0
1.0,0.0,0.02524404227733612,0.022363051772117615,0.052558377385139465,0.06341002881526947,0.034833669662475586,0.005562245845794678,0,0
2.0,0.0,0.0,0.019710317254066467,0.04346521198749542,0.11440053582191467,0.09649264812469482,0.005334019660949707,0,0
4.0,0.0,0.0,0.0,0.005248457193374634,0.07683303952217102,0.07705342769622803,0.015117943286895752,0,0
7.0,0.0,0.0,0.0,0.0,0.009840846061706543,0.011923134326934814,8.565187454223633e-05,0,0
50.0,0.0,0.0,0.0,0.0,0.0,0.0,0.0,0,0
