hf time,inp time 0.5,inp time 1.0,inp time 2.0,inp time 4.0,inp time 7.0,inp time 10.0,inp time 15.0,inp time 20.0,inp time 50.0
0.5,0.15692412853240967,0.004864737391471863,0.004527583718299866,0.06820273399353027,0.10032451152801514,0.04684850573539734,0,0,0
1.0,0.0,0.002456456422805786,0.00765836238861084,0.05394566059112549,0.13065293431282043,0.04309013485908508,0,0,0
2.0,0.0,0.0,0.018495649099349976,0.0798107385635376,0.1446925699710846,0.040431320667266846,0,0,0
4.0,0.0,0.0,0.0,0.03058531880378723,0.05098113417625427,0.012906491756439209,0,0,0
7.0,0.0,0.0,0.0,0.0,0.0026009678840637207,0.0,0,0,0
50.0,0.0,0.0,0.0,0.0,0.0,0.0,0,0,0
