hf time,inp time 0.5,inp time 1.0,inp time 2.0,inp time 4.0,inp time 7.0,inp time 10.0,inp time 15.0,inp time 20.0,inp time 50.0
0.5,0.3719885051250458,0.12243270874023438,0.32598254084587097,0.15523189306259155,0,0,0,0,0
1.0,0.0,0.01943722367286682,0.004927009344100952,1.1920928955078125e-07,0,0,0,0,0
2.0,0.0,0.0,0.0,0.0,0,0,0,0,0
4.0,0.0,0.0,0.0,0.0,0,0,0,0,0
7.0,0.0,0.0,0.0,0.0,0,0,0,0,0
50.0,0.0,0.0,0.0,0.0,0,0,0,0,0
