hf time,inp time 0.5,inp time 1.0,inp time 2.0,inp time 4.0,inp time 7.0,inp time 10.0,inp time 15.0,inp time 20.0,inp time 50.0
0.5,0.01001917663961649,0.04561400320380926,0.25289682298898697,0.15444979071617126,0.01141887903213501,0.0,0,0,0
1.0,0.0,0.02625209093093872,0.2214137613773346,0.06977120041847229,0.011984765529632568,0.00013077259063720703,0,0,0
2.0,0.0,0.0,0.05491149425506592,0.062200844287872314,0.02947598695755005,0.005086362361907959,0,0,0
4.0,0.0,0.0,0.0,0.027931034564971924,0.009743452072143555,0.006699502468109131,0,0,0
7.0,0.0,0.0,0.0,0.0,0.0,0.0,0,0,0
50.0,0.0,0.0,0.0,0.0,0.0,0.0,0,0,0
