hf time,inp time 0.5,inp time 1.0,inp time 2.0,inp time 4.0,inp time 7.0,inp time 10.0,inp time 15.0,inp time 20.0,inp time 50.0
0.5,0,0,0.015433466993272305,0.40841465536504984,0.0907648503780365,0,0,0,0
1.0,0,0,0.0022178413346409798,0.17247589211910963,0.2850974500179291,0,0,0,0
2.0,0,0,0.0,0.004336714744567871,0.0212591290473938,0,0,0,0
4.0,0,0,0.0,0.0,0.0,0,0,0,0
7.0,0,0,0.0,0.0,0.0,0,0,0,0
50.0,0,0,0.0,0.0,0.0,0,0,0,0
