hf time,inp time 0.5,inp time 1.0,inp time 2.0,inp time 4.0,inp time 7.0,inp time 10.0,inp time 15.0,inp time 20.0,inp time 50.0
0.5,0.10811324417591095,0.04251457750797272,0.03058890998363495,0.1971604973077774,0.036242127418518066,0,0,0,0
1.0,0.0,0.01478046178817749,0.05492834746837616,0.11285923421382904,0.11866509914398193,0,0,0,0
2.0,0.0,0.0,0.05343270301818848,0.071158766746521,0.15439778566360474,0,0,0,0
4.0,0.0,0.0,0.0,0.004720509052276611,0.00043767690658569336,0,0,0,0
7.0,0.0,0.0,0.0,0.0,0.0,0,0,0,0
50.0,0.0,0.0,0.0,0.0,0.0,0,0,0,0
