hf time,inp time 0.5,inp time 1.0,inp time 2.0,inp time 4.0,inp time 7.0,inp time 10.0,inp time 15.0,inp time 20.0,inp time 50.0
0.5,0.24244512617588043,0.20248274505138397,0.15665793418884277,0.14132308959960938,0.0,0,0,0,0
1.0,0.0,0.08023059368133545,0.09895598888397217,0.037074267864227295,0.0,0,0,0,0
2.0,0.0,0.0,0.03155791759490967,0.009133696556091309,0.00013875961303710938,0,0,0,0
4.0,0.0,0.0,0.0,0.0,0.0,0,0,0,0
7.0,0.0,0.0,0.0,0.0,0.0,0,0,0,0
50.0,0.0,0.0,0.0,0.0,0.0,0,0,0,0
