hf time,inp time 0.5,inp time 1.0,inp time 2.0,inp time 4.0,inp time 7.0,inp time 10.0,inp time 15.0,inp time 20.0,inp time 50.0
0.5,0.6610351800918579,0.039249300956726074,0.010597169399261475,0.15812575817108154,0.025680601596832275,0,0,0,0
1.0,0.0,0.03298747539520264,0.011272132396697998,0.03800779581069946,0.0027800798416137695,0,0,0,0
2.0,0.0,0.0,0.0023475289344787598,0.017916977405548096,0.0,0,0,0,0
4.0,0.0,0.0,0.0,0.0,0.0,0,0,0,0
7.0,0.0,0.0,0.0,0.0,0.0,0,0,0,0
50.0,0.0,0.0,0.0,0.0,0.0,0,0,0,0
