hf time,inp time 0.5,inp time 1.0,inp time 2.0,inp time 4.0,inp time 7.0,inp time 10.0,inp time 15.0,inp time 20.0,inp time 50.0
0.5,0,0,0,0.1345367580652237,0.5351806133985519,0.04613387584686279,0,0,0
1.0,0,0,0,0.019833877682685852,0.19955097138881683,0.018317878246307373,0,0,0
2.0,0,0,0,5.529820919036865e-05,0.046390727162361145,0.0,0,0,0
4.0,0,0,0,0.0,0.0,0.0,0,0,0
7.0,0,0,0,0.0,0.0,0.0,0,0,0
50.0,0,0,0,0.0,0.0,0.0,0,0,0
