hf time,inp time 0.5,inp time 1.0,inp time 2.0,inp time 4.0,inp time 7.0,inp time 10.0,inp time 15.0,inp time 20.0,inp time 50.0
0.5,0.11398375779390335,0.17067303508520126,0.2417297065258026,0.04328036308288574,0,0,0,0,0
1.0,0.0,0.12825733423233032,0.16611891984939575,0.07413971424102783,0,0,0,0,0
2.0,0.0,0.0,0.0175439715385437,0.044273197650909424,0,0,0,0,0
4.0,0.0,0.0,0.0,0.0,0,0,0,0,0
7.0,0.0,0.0,0.0,0.0,0,0,0,0,0
50.0,0.0,0.0,0.0,0.0,0,0,0,0,0
