hf time,inp time 0.5,inp time 1.0,inp time 2.0,inp time 4.0,inp time 7.0,inp time 10.0,inp time 15.0,inp time 20.0,inp time 50.0
0.5,0,0,0.023154933005571365,0.16414284333586693,0.21452392637729645,0.040274083614349365,0.0,0,0
1.0,0,0,0.0036097485572099686,0.09981365315616131,0.22085629403591156,0.015472114086151123,0.0,0,0
2.0,0,0,0.0007774904370307922,0.032681576907634735,0.14474117755889893,0.010729312896728516,0.0,0,0
4.0,0,0,0.0,0.0,0.011155486106872559,0.010887742042541504,0.0005443096160888672,0,0
7.0,0,0,0.0,0.0,0.0011861920356750488,0.005449175834655762,0.0,0,0
50.0,0,0,0.0,0.0,0.0,0.0,0.0,0,0
