hf time,inp time 0.5,inp time 1.0,inp time 2.0,inp time 4.0,inp time 7.0,inp time 10.0,inp time 15.0,inp time 20.0,inp time 50.0
0.5,0.2431000918149948,0.026147767901420593,0.13369527459144592,0.45469433069229126,0.0026856064796447754,0,0,0,0
1.0,0.0,0.06375816464424133,0.008867800235748291,0.024080604314804077,0.006522476673126221,0,0,0,0
2.0,0.0,0.0,0.010090082883834839,0.015191227197647095,0.009245991706848145,0,0,0,0
4.0,0.0,0.0,0.0,0.0019205212593078613,0.0,0,0,0,0
7.0,0.0,0.0,0.0,0.0,0.0,0,0,0,0
50.0,0.0,0.0,0.0,0.0,0.0,0,0,0,0
