hf time,inp time 0.5,inp time 1.0,inp time 2.0,inp time 4.0,inp time 7.0,inp time 10.0,inp time 15.0,inp time 20.0,inp time 50.0
0.5,0.12519577145576477,0.0,0.0,0.0,0.07440035045146942,0.0067229121923446655,0.0,0,0
1.0,0.0,0.008440986275672913,0.0,0.003212079405784607,0.08119796216487885,0.003734961152076721,0.0,0,0
2.0,0.0,0.0,0.03466038405895233,0.05139300227165222,0.19486157596111298,0.04155057668685913,0.005303621292114258,0,0
4.0,0.0,0.0,0.0,0.07051600515842438,0.07327984273433685,0.1660693883895874,0.04825568199157715,0,0
7.0,0.0,0.0,0.0,0.0,0.0,0.006050705909729004,0.0051541924476623535,0,0
50.0,0.0,0.0,0.0,0.0,0.0,0.0,0.0,0,0
