hf time,inp time 0.5,inp time 1.0,inp time 2.0,inp time 4.0,inp time 7.0,inp time 10.0,inp time 15.0,inp time 20.0,inp time 50.0
0.5,0.05668596178293228,0.008077017962932587,0.007489591836929321,0.1309887319803238,0.1745283156633377,0.002144068479537964,0,0,0
1.0,0.0,0.044056445360183716,0.015272900462150574,0.0771586000919342,0.08609776198863983,0.007225245237350464,0,0,0
2.0,0.0,0.0,0.023937344551086426,0.11011308431625366,0.11937075853347778,0.011425316333770752,0,0,0
4.0,0.0,0.0,0.0,0.04674267768859863,0.07604283094406128,0.0026433467864990234,0,0,0
7.0,0.0,0.0,0.0,0.0,0.0,0.0,0,0,0
50.0,0.0,0.0,0.0,0.0,0.0,0.0,0,0,0
