hf time,inp time 0.5,inp time 1.0,inp time 2.0,inp time 4.0,inp time 7.0,inp time 10.0,inp time 15.0,inp time 20.0,inp time 50.0
0.5,0,0,0.018123187124729156,0.44851454347372055,0.17339485883712769,0.004793286323547363,0,0,0
1.0,0,0,0.020908590406179428,0.17219120636582375,0.09714019298553467,0.002628505229949951,0,0,0
2.0,0,0,0.0,0.007448911666870117,0.03595453500747681,0.0002948641777038574,0,0,0
4.0,0,0,0.0,0.0,0.01853013038635254,7.730722427368164e-05,0,0,0
7.0,0,0,0.0,0.0,0.0,0.0,0,0,0
50.0,0,0,0.0,0.0,0.0,0.0,0,0,0
