hf time,inp time 0.5,inp time 1.0,inp time 2.0,inp time 4.0,inp time 7.0,inp time 10.0,inp time 15.0,inp time 20.0,inp time 50.0
0.5,0.032323893159627914,0.005302049219608307,0.023022055625915527,0.026502829045057297,0.1463904231786728,0.111054927110672,0.0015813112258911133,0,0
1.0,0.0,0.004092812538146973,0.010138999670743942,0.033401746302843094,0.0848914086818695,0.07659468054771423,0.005207479000091553,0,0
2.0,0.0,0.0,0.017813019454479218,0.05012708157300949,0.11520643532276154,0.12010002136230469,0.024171411991119385,0,0
4.0,0.0,0.0,0.0,0.007269144058227539,0.031691908836364746,0.02067810297012329,0.05118262767791748,0,0
7.0,0.0,0.0,0.0,0.0,0.0012556910514831543,5.960464477539063e-08,0.0,0,0
50.0,0.0,0.0,0.0,0.0,0.0,0.0,0.0,0,0
