hf time,inp time 0.5,inp time 1.0,inp time 2.0,inp time 4.0,inp time 7.0,inp time 10.0,inp time 15.0,inp time 20.0,inp time 50.0
0.5,0,0,0.0,0.17709097266197205,0.07797834277153015,0,0,0,0
1.0,0,0,0.0,0.014332234859466553,0.20559629797935486,0,0,0,0
2.0,0,0,0.0001457538892282173,0.3362933489988791,0.1885630488395691,0,0,0,0
4.0,0,0,0.0,0.0,0.0,0,0,0,0
7.0,0,0,0.0,0.0,0.0,0,0,0,0
50.0,0,0,0.0,0.0,0.0,0,0,0,0
