hf time,inp time 0.5,inp time 1.0,inp time 2.0,inp time 4.0,inp time 7.0,inp time 10.0,inp time 15.0,inp time 20.0,inp time 50.0
0.5,0,0,0.16016660630702972,0.12246845662593842,0.027238905429840088,0,0,0,0
1.0,0,0,0.05290977656841278,0.16670696437358856,0.15062344074249268,0,0,0,0
2.0,0,0,0.0038626790046691895,0.19153642654418945,0.1114310622215271,0,0,0,0
4.0,0,0,0.0,0.0005274415016174316,0.01252824068069458,0,0,0,0
7.0,0,0,0.0,0.0,0.0,0,0,0,0
50.0,0,0,0.0,0.0,0.0,0,0,0,0
