hf time,inp time 0.5,inp time 1.0,inp time 2.0,inp time 4.0,inp time 7.0,inp time 10.0,inp time 15.0,inp time 20.0,inp time 50.0
0.5,0.03727450966835022,0.16017821431159973,0.5990825295448303,0.01091855764389038,0,0,0,0,0
1.0,0.0,0.021415352821350098,0.17113101482391357,0.0,0,0,0,0,0
2.0,0.0,0.0,0.0,0.0,0,0,0,0,0
4.0,0.0,0.0,0.0,0.0,0,0,0,0,0
7.0,0.0,0.0,0.0,0.0,0,0,0,0,0
50.0,0.0,0.0,0.0,0.0,0,0,0,0,0
