hf time,inp time 0.5,inp time 1.0,inp time 2.0,inp time 4.0,inp time 7.0,inp time 10.0,inp time 15.0,inp time 20.0,inp time 50.0
0.5,0,0,0.3380940854549408,0.2874740660190582,0.0,0,0,0,0
1.0,0,0,0.06479251384735107,0.2818964719772339,0.0,0,0,0,0
2.0,0,0,0.0014349818229675293,0.025829613208770752,0.0,0,0,0,0
4.0,0,0,0.0,0.0,0.00047838687896728516,0,0,0,0
7.0,0,0,0.0,0.0,0.0,0,0,0,0
50.0,0,0,0.0,0.0,0.0,0,0,0,0
