hf time,inp time 0.5,inp time 1.0,inp time 2.0,inp time 4.0,inp time 7.0,inp time 10.0,inp time 15.0,inp time 20.0,inp time 50.0
0.5,0.05811859294772148,0.002127494663000107,0.06277936697006226,0.30232077091932297,0.05319240689277649,0,0,0,0
1.0,0.0,0.0607181116938591,0.11252984404563904,0.12480033189058304,0.00686684250831604,0,0,0,0
2.0,0.0,0.0,0.05258980393409729,0.10585859417915344,0.032004356384277344,0,0,0,0
4.0,0.0,0.0,0.0,0.007506191730499268,0.01858729124069214,0,0,0,0
7.0,0.0,0.0,0.0,0.0,0.0,0,0,0,0
50.0,0.0,0.0,0.0,0.0,0.0,0,0,0,0
