hf time,inp time 0.5,inp time 1.0,inp time 2.0,inp time 4.0,inp time 7.0,inp time 10.0,inp time 15.0,inp time 20.0,inp time 50.0
0.5,0.13499683141708374,0.0016440749168395996,0.06107436120510101,0.1500370353460312,0.13404831290245056,0.0254209041595459,0.0,0,0
1.0,0.0,0.01808483898639679,0.019850656390190125,0.10028859972953796,0.09091123938560486,0.009334862232208252,0.0,0,0
2.0,0.0,0.0,0.04859156906604767,0.0588214248418808,0.11100059747695923,0.011671662330627441,0.0,0,0
4.0,0.0,0.0,0.0,0.00018262863159179688,0.017369866371154785,0.0027115941047668457,0.003792285919189453,0,0
7.0,0.0,0.0,0.0,0.0,0.0,0.0,0.0001666545867919922,0,0
50.0,0.0,0.0,0.0,0.0,0.0,0.0,0.0,0,0
