hf time,inp time 0.5,inp time 1.0,inp time 2.0,inp time 4.0,inp time 7.0,inp time 10.0,inp time 15.0,inp time 20.0,inp time 50.0
0.5,0.09099419414997101,0.014022916555404663,0.05109412968158722,0.1417982578277588,0.06084251403808594,0,0,0,0
1.0,0.0,0.030420929193496704,0.018579259514808655,0.10349808633327484,0.0595722496509552,0,0,0,0
2.0,0.0,0.0,0.02560684084892273,0.3673478364944458,0.013869255781173706,0,0,0,0
4.0,0.0,0.0,0.0,0.009587407112121582,0.012058377265930176,0,0,0,0
7.0,0.0,0.0,0.0,0.0,0.0007078647613525391,0,0,0,0
50.0,0.0,0.0,0.0,0.0,0.0,0,0,0,0
