hf time,inp time 0.5,inp time 1.0,inp time 2.0,inp time 4.0,inp time 7.0,inp time 10.0,inp time 15.0,inp time 20.0,inp time 50.0
0.5,0.6267956495285034,0.027679264545440674,0.16988664865493774,0.0004011392593383789,0.0,0,0,0,0
1.0,0.0,0.11613273620605469,0.011833906173706055,0.0022568702697753906,0.0,0,0,0,0
2.0,0.0,0.0,0.03270578384399414,0.008025050163269043,0.0,0,0,0,0
4.0,0.0,0.0,0.0,0.004082441329956055,0.00020062923431396484,0,0,0,0
7.0,0.0,0.0,0.0,0.0,0.0,0,0,0,0
50.0,0.0,0.0,0.0,0.0,0.0,0,0,0,0
