hf time,inp time 0.5,inp time 1.0,inp time 2.0,inp time 4.0,inp time 7.0,inp time 10.0,inp time 15.0,inp time 20.0,inp time 50.0
0.5,0.021613989025354385,0.01694430038332939,0.1021994799375534,0.180723637342453,0.014047324657440186,0.0,0,0,0
1.0,0.0,0.1391567438840866,0.08648248016834259,0.0901910662651062,0.029113292694091797,0.0,0,0,0
2.0,0.0,0.0,0.10566839575767517,0.09853896498680115,0.06690138578414917,0.0,0,0,0
4.0,0.0,0.0,0.0,0.005470216274261475,0.042681872844696045,0.00026684999465942383,0,0,0
7.0,0.0,0.0,0.0,0.0,0.0,0.0,0,0,0
50.0,0.0,0.0,0.0,0.0,0.0,0.0,0,0,0
