hf time,inp time 0.5,inp time 1.0,inp time 2.0,inp time 4.0,inp time 7.0,inp time 10.0,inp time 15.0,inp time 20.0,inp time 50.0
0.5,0.06698475778102875,0.09727640450000763,0.22949180006980896,0.09590458869934082,0.0,0.0,0,0,0
1.0,0.0,0.11255380511283875,0.25266915559768677,0.057500600814819336,0.0,0.0,0,0,0
2.0,0.0,0.0,0.07633119821548462,0.007569491863250732,0.00029158592224121094,0.0,0,0,0
4.0,0.0,0.0,0.0,0.003062009811401367,0.0002624988555908203,4.374980926513672e-05,0,0,0
7.0,0.0,0.0,0.0,0.0,5.835294723510742e-05,0.0,0,0,0
50.0,0.0,0.0,0.0,0.0,0.0,0.0,0,0,0
