hf time,inp time 0.5,inp time 1.0,inp time 2.0,inp time 4.0,inp time 7.0,inp time 10.0,inp time 15.0,inp time 20.0,inp time 50.0
0.5,0.007820975966751575,0.005543982610106468,0.014783955179154873,0.17499933205544949,0.15538734197616577,0.0,0,0,0
1.0,0.0,0.004157989285886288,0.1194875156506896,0.1418000254780054,0.13709473609924316,0.0,0,0,0
2.0,0.0,0.0,0.03278049826622009,0.09937289357185364,0.09189337491989136,0.00798177719116211,0,0,0
4.0,0.0,0.0,0.0,0.003795027732849121,0.0028037428855895996,0.0002968311309814453,0,0,0
7.0,0.0,0.0,0.0,0.0,0.0,0.0,0,0,0
50.0,0.0,0.0,0.0,0.0,0.0,0.0,0,0,0
