hf time,inp time 0.5,inp time 1.0,inp time 2.0,inp time 4.0,inp time 7.0,inp time 10.0,inp time 15.0,inp time 20.0,inp time 50.0
0.5,0.22094346582889557,0,0.0014982521533966064,0.0,0.1179303377866745,0.0364956259727478,0,0,0
1.0,0.0,0,0.03824685513973236,0.016884684562683105,0.0663643628358841,0.07315400242805481,0,0,0
2.0,0.0,0,0.0,0.17663434147834778,0.1704053282737732,0.07452782988548279,0,0,0
4.0,0.0,0,0.0,0.0,0.004609942436218262,0.002304971218109131,0,0,0
7.0,0.0,0,0.0,0.0,0.0,0.0,0,0,0
50.0,0.0,0,0.0,0.0,0.0,0.0,0,0,0
