hf time,inp time 0.5,inp time 1.0,inp time 2.0,inp time 4.0,inp time 7.0,inp time 10.0,inp time 15.0,inp time 20.0,inp time 50.0
0.5,0,0,0,0.0,0.384101003408432,0.15843459963798523,0,0,0
1.0,0,0,0,0.0003950595564674586,0.16758194568683393,0.09752437472343445,0,0,0
2.0,0,0,0,0.0,0.08628004789352417,0.09702646732330322,0,0,0
4.0,0,0,0,0.0,0.002643585205078125,0.0058196187019348145,0,0,0
7.0,0,0,0,0.0,0.0001932978630065918,0.0,0,0,0
50.0,0,0,0,0.0,0.0,0.0,0,0,0
