hf time,inp time 0.5,inp time 1.0,inp time 2.0,inp time 4.0,inp time 7.0,inp time 10.0,inp time 15.0,inp time 20.0,inp time 50.0
0.5,0.29492947459220886,0.06519478559494019,0.024289458990097046,0.29818207025527954,0.020052731037139893,0,0,0,0
1.0,0.0,0.06383442878723145,0.05671757459640503,0.037217795848846436,0.01198267936706543,0,0,0,0
2.0,0.0,0.0,0.04037785530090332,0.045892953872680664,0.011738240718841553,0,0,0,0
4.0,0.0,0.0,0.0,0.022661209106445312,0.006928861141204834,0,0,0,0
7.0,0.0,0.0,0.0,0.0,0.0,0,0,0,0
50.0,0.0,0.0,0.0,0.0,0.0,0,0,0,0
