hf time,inp time 0.5,inp time 1.0,inp time 2.0,inp time 4.0,inp time 7.0,inp time 10.0,inp time 15.0,inp time 20.0,inp time 50.0
0.5,0.13508476316928864,0,0.006868720054626465,0.4738638252019882,0.2060614824295044,0,0,0,0
1.0,0.0,0,0.004579141736030579,0.04196636378765106,0.0033596158027648926,0,0,0,0
2.0,0.0,0,0.0,0.019461333751678467,0.10875475406646729,0,0,0,0
4.0,0.0,0,0.0,0.0,0.0,0,0,0,0
7.0,0.0,0,0.0,0.0,0.0,0,0,0,0
50.0,0.0,0,0.0,0.0,0.0,0,0,0,0
