hf time,inp time 0.5,inp time 1.0,inp time 2.0,inp time 4.0,inp time 7.0,inp time 10.0,inp time 15.0,inp time 20.0,inp time 50.0
0.5,0.18746916949748993,0.00833195447921753,0.05415774881839752,0.08026087284088135,0.3043617010116577,0,0,0,0
1.0,0.0,0.009067133069038391,0.02156512439250946,0.05860969424247742,0.08662834763526917,0,0,0,0
2.0,0.0,0.0,0.011517703533172607,0.042968928813934326,0.11783808469772339,0,0,0,0
4.0,0.0,0.0,0.0,0.014014661312103271,0.0032089948654174805,0,0,0,0
7.0,0.0,0.0,0.0,0.0,0.0,0,0,0,0
50.0,0.0,0.0,0.0,0.0,0.0,0,0,0,0
