hf time,inp time 0.5,inp time 1.0,inp time 2.0,inp time 4.0,inp time 7.0,inp time 10.0,inp time 15.0,inp time 20.0,inp time 50.0
0.5,0.19835716485977173,0.027829289436340332,0.06295695900917053,0.008901089429855347,0.11600694060325623,0.0002678334712982178,0.006427764892578125,0,0
1.0,0.0,0.020396679639816284,0.0031644105911254883,0.03135424852371216,0.02197897434234619,0.03133276104927063,0.0016962289810180664,0,0
2.0,0.0,0.0,0.009785979986190796,0.03752979636192322,0.0376315712928772,0.1365509033203125,0.01951777935028076,0,0
4.0,0.0,0.0,0.0,0.02733030915260315,0.05146661400794983,0.06594836711883545,0.06035816669464111,0,0
7.0,0.0,0.0,0.0,0.0,0.0,0.020461201667785645,0.0027489662170410156,0,0
50.0,0.0,0.0,0.0,0.0,0.0,0.0,0.0,0,0
