hf time,inp time 0.5,inp time 1.0,inp time 2.0,inp time 4.0,inp time 7.0,inp time 10.0,inp time 15.0,inp time 20.0,inp time 50.0
0.5,0,0,0.0011855332413688302,0.04581705795135349,0.39826520532369614,0.11287522315979004,0.0,0,0
1.0,0,0,0.005054114270024002,0.05550528515595943,0.17412399500608444,0.02614414691925049,0.0,0,0
2.0,0,0,0.003924263175576925,0.022424640599638224,0.11445318162441254,0.017821967601776123,0.0004367828369140625,0,0
4.0,0,0,0.0,0.0025598257780075073,0.01633603870868683,0.0013102889060974121,0.00176239013671875,0,0
7.0,0,0,0.0,0.0,0.0,0.0,0.0,0,0
50.0,0,0,0.0,0.0,0.0,0.0,0.0,0,0
