hf time,inp time 0.5,inp time 1.0,inp time 2.0,inp time 4.0,inp time 7.0,inp time 10.0,inp time 15.0,inp time 20.0,inp time 50.0
0.5,0.13057522475719452,0.42073728144168854,0.15596455335617065,0.0834113359451294,0.005014896392822266,0.0004944205284118652,0,0,0
1.0,0.0,0.030216991901397705,0.11716306209564209,0.02927100658416748,0.005998790264129639,0.0002560615539550781,0,0,0
2.0,0.0,0.0,0.002956390380859375,0.010071992874145508,0.006384551525115967,0.0005297660827636719,0,0,0
4.0,0.0,0.0,0.0,0.0,0.0007770657539367676,0.00017648935317993164,0,0,0
7.0,0.0,0.0,0.0,0.0,0.0,0.0,0,0,0
50.0,0.0,0.0,0.0,0.0,0.0,0.0,0,0,0
