hf time,inp time 0.5,inp time 1.0,inp time 2.0,inp time 4.0,inp time 7.0,inp time 10.0,inp time 15.0,inp time 20.0,inp time 50.0
0.5,0.07648523896932602,0.0,0.0,0.003396064043045044,0.0538940355181694,0.0751955509185791,0.006496787071228027,0,0
1.0,0.0,0.01794007420539856,0.00036913901567459106,0.0019195154309272766,0.06651853024959564,0.053699150681495667,0.007456600666046143,0,0
2.0,0.0,0.0,0.04459179937839508,0.021852903068065643,0.046656496822834015,0.20235706865787506,0.009312033653259277,0,0
4.0,0.0,0.0,0.0,0.0522698312997818,0.09376908838748932,0.12883254885673523,0.022369682788848877,0,0
7.0,0.0,0.0,0.0,0.0,0.014617860317230225,0.0,1.1920928955078125e-07,0,0
50.0,0.0,0.0,0.0,0.0,0.0,0.0,0.0,0,0
