hf time,inp time 0.5,inp time 1.0,inp time 2.0,inp time 4.0,inp time 7.0,inp time 10.0,inp time 15.0,inp time 20.0,inp time 50.0
0.5,0.02959614247083664,0.22473690658807755,0.1479955017566681,0.04946696758270264,0.07074713706970215,0.02607673406600952,0,0,0
1.0,0.0,0.05440133810043335,0.0320378839969635,0.02703818678855896,0.0862017273902893,0.023449718952178955,0,0,0
2.0,0.0,0.0,0.02453961968421936,0.048811644315719604,0.0878150463104248,0.02340751886367798,0,0,0
4.0,0.0,0.0,0.0,0.0069609880447387695,0.02129507064819336,0.015175998210906982,0,0,0
7.0,0.0,0.0,0.0,0.0,0.0,0.0002459883689880371,0,0,0
50.0,0.0,0.0,0.0,0.0,0.0,0.0,0,0,0
