hf time,inp time 0.5,inp time 1.0,inp time 2.0,inp time 4.0,inp time 7.0,inp time 10.0,inp time 15.0,inp time 20.0,inp time 50.0
0.5,0.045412320643663406,0.13203073665499687,0.20089951157569885,0.052172720432281494,0,0,0,0,0
1.0,0.0,0.15093347430229187,0.19111719727516174,0.13359159231185913,0,0,0,0,0
2.0,0.0,0.0,0.08618378639221191,0.007658779621124268,0,0,0,0,0
4.0,0.0,0.0,0.0,0.0,0,0,0,0,0
7.0,0.0,0.0,0.0,0.0,0,0,0,0,0
50.0,0.0,0.0,0.0,0.0,0,0,0,0,0
