hf time,inp time 0.5,inp time 1.0,inp time 2.0,inp time 4.0,inp time 7.0,inp time 10.0,inp time 15.0,inp time 20.0,inp time 50.0
0.5,0.22480224072933197,0.019840195775032043,0.1810266375541687,0.21982580423355103,0.011920154094696045,0,0,0,0
1.0,0.0,0.09200090169906616,0.03699696063995361,0.09913349151611328,0.017680227756500244,0,0,0,0
2.0,0.0,0.0,0.007506310939788818,0.06974703073501587,0.019520044326782227,0,0,0,0
4.0,0.0,0.0,0.0,0.0,0.0,0,0,0,0
7.0,0.0,0.0,0.0,0.0,0.0,0,0,0,0
50.0,0.0,0.0,0.0,0.0,0.0,0,0,0,0
