hf time,inp time 0.5,inp time 1.0,inp time 2.0,inp time 4.0,inp time 7.0,inp time 10.0,inp time 15.0,inp time 20.0,inp time 50.0
0.5,0.16152885556221008,0.026686668395996094,0.03990565240383148,0.043440863490104675,0.15483784675598145,0.05878284573554993,0.0,0,0
1.0,0.0,0.001284584403038025,0.0361347496509552,0.06082616746425629,0.1241459846496582,0.012066811323165894,0.0004888772964477539,0,0
2.0,0.0,0.0,0.007997721433639526,0.07467412948608398,0.06937739253044128,0.04519665241241455,0.014138400554656982,0,0
4.0,0.0,0.0,0.0,0.00037294626235961914,0.018330633640289307,0.04408949613571167,0.005692720413208008,0,0
7.0,0.0,0.0,0.0,0.0,0.0,0.0,0.0,0,0
50.0,0.0,0.0,0.0,0.0,0.0,0.0,0.0,0,0
