hf time,inp time 0.5,inp time 1.0,inp time 2.0,inp time 4.0,inp time 7.0,inp time 10.0,inp time 15.0,inp time 20.0,inp time 50.0
0.5,0.10205431282520294,0.008650250732898712,0.001555800437927246,0.08327824622392654,0.1766153872013092,0.09539011120796204,0,0,0
1.0,0.0,0.0010203272104263306,0.011462084949016571,0.061947546899318695,0.13977763056755066,0.03181144595146179,0,0,0
2.0,0.0,0.0,0.011062577366828918,0.02092348039150238,0.21695822477340698,0.02292013168334961,0,0,0
4.0,0.0,0.0,0.0,0.006696134805679321,0.007876366376876831,5.960464477539063e-08,0,0,0
7.0,0.0,0.0,0.0,0.0,0.0,0.0,0,0,0
50.0,0.0,0.0,0.0,0.0,0.0,0.0,0,0,0
