hf time,inp time 0.5,inp time 1.0,inp time 2.0,inp time 4.0,inp time 7.0,inp time 10.0,inp time 15.0,inp time 20.0,inp time 50.0
0.5,0.5994307398796082,0.17904162406921387,0.010368824005126953,0,0,0,0,0,0
1.0,0.0,0.20484596490859985,0.005314350128173828,0,0,0,0,0,0
2.0,0.0,0.0,0.000998377799987793,0,0,0,0,0,0
4.0,0.0,0.0,0.0,0,0,0,0,0,0
7.0,0.0,0.0,0.0,0,0,0,0,0,0
50.0,0.0,0.0,0.0,0,0,0,0,0,0
