hf time,inp time 0.5,inp time 1.0,inp time 2.0,inp time 4.0,inp time 7.0,inp time 10.0,inp time 15.0,inp time 20.0,inp time 50.0
0.5,0,0,0.0013911528512835503,0.0706958593800664,0.2867039814591408,0.0,0,0,0
1.0,0,0,0.004515668842941523,0.01594185223802924,0.11544476449489594,0.0005058646202087402,0,0,0
2.0,0,0,0.003716197330504656,0.04479816136881709,0.3207274153828621,0.00480574369430542,0,0,0
4.0,0,0,0.0,0.01830451190471649,0.07288308441638947,0.01945716142654419,0,0,0
7.0,0,0,0.0,0.0,0.002276480197906494,0.01783210039138794,0,0,0
50.0,0,0,0.0,0.0,0.0,0.0,0,0,0
