hf time,inp time 0.5,inp time 1.0,inp time 2.0,inp time 4.0,inp time 7.0,inp time 10.0,inp time 15.0,inp time 20.0,inp time 50.0
0.5,0.023399779573082924,0.1533521320670843,0.034862831234931946,0.07995732128620148,0.0668565034866333,0.05254507064819336,0.0,0,0
1.0,0.0,0.000940173864364624,0.03657600283622742,0.07662361860275269,0.10606494545936584,0.030767738819122314,0.00020891427993774414,0,0
2.0,0.0,0.0,0.020530536770820618,0.08604831993579865,0.07609787583351135,0.06829297542572021,0.019012391567230225,0,0
4.0,0.0,0.0,0.0,0.00929725170135498,0.006267845630645752,0.02488410472869873,0.026365935802459717,0,0
7.0,0.0,0.0,0.0,0.0,0.0,0.00021201372146606445,0.0008358359336853027,0,0
50.0,0.0,0.0,0.0,0.0,0.0,0.0,0.0,0,0
