hf time,inp time 0.5,inp time 1.0,inp time 2.0,inp time 4.0,inp time 7.0,inp time 10.0,inp time 15.0,inp time 20.0,inp time 50.0
0.5,0.007812573574483395,0.1486314693465829,0.3269116282463074,0.3096584975719452,0,0,0,0,0
1.0,0.0,0.029631033539772034,0.08270962536334991,0.08980122208595276,0,0,0,0,0
2.0,0.0,0.0,0.004572153091430664,0.00027179718017578125,0,0,0,0,0
4.0,0.0,0.0,0.0,0.0,0,0,0,0,0
7.0,0.0,0.0,0.0,0.0,0,0,0,0,0
50.0,0.0,0.0,0.0,0.0,0,0,0,0,0
