hf time,inp time 0.5,inp time 1.0,inp time 2.0,inp time 4.0,inp time 7.0,inp time 10.0,inp time 15.0,inp time 20.0,inp time 50.0
0.5,0,0.0788344070315361,0.685000903904438,0.10267579555511475,0.0004392266273498535,0,0,0,0
1.0,0,0.004609383642673492,0.020588241517543793,0.07836061716079712,0.0007432699203491211,0,0,0,0
2.0,0,0.0,0.0,0.028275132179260254,0.0004730224609375,0,0,0,0
4.0,0,0.0,0.0,0.0,0.0,0,0,0,0
7.0,0,0.0,0.0,0.0,0.0,0,0,0,0
50.0,0,0.0,0.0,0.0,0.0,0,0,0,0
