hf time,inp time 0.5,inp time 1.0,inp time 2.0,inp time 4.0,inp time 7.0,inp time 10.0,inp time 15.0,inp time 20.0,inp time 50.0
0.5,0,0.15069231390953064,0.2520424723625183,0.21360328793525696,0.08859777450561523,0,0,0,0
1.0,0,0.006490156054496765,0.018044039607048035,0.13476446270942688,0.10407650470733643,0,0,0,0
2.0,0,0.0,0.005017608404159546,0.020435243844985962,0.006049513816833496,0,0,0,0
4.0,0,0.0,0.0,0.0,0.00018650293350219727,0,0,0,0
7.0,0,0.0,0.0,0.0,0.0,0,0,0,0
50.0,0,0.0,0.0,0.0,0.0,0,0,0,0
