hf time,inp time 0.5,inp time 1.0,inp time 2.0,inp time 4.0,inp time 7.0,inp time 10.0,inp time 15.0,inp time 20.0,inp time 50.0
0.5,0.02637389302253723,0,0,0,0,0.0,0.03962051123380661,0.27901429682970047,0.0
1.0,0.0,0,0,0,0,0.0,0.02190852165222168,0.11122390627861023,0.0
2.0,0.0,0,0,0,0,0.01226038858294487,0.05623016878962517,0.05262840539216995,0.00011932849884033203
4.0,0.0,0,0,0,0,0.035562995821237564,0.2832048051059246,0.012053176760673523,0.0
7.0,0.0,0,0,0,0,0.00334148108959198,0.06204245984554291,0.0023868978023529053,0.0
50.0,0.0,0,0,0,0,0.0,0.0,0.0009546875953674316,0.001074075698852539
