hf time,inp time 0.5,inp time 1.0,inp time 2.0,inp time 4.0,inp time 7.0,inp time 10.0,inp time 15.0,inp time 20.0,inp time 50.0
0.5,0.10644497722387314,0.009083859622478485,0.039723366498947144,0.16255773603916168,0.1385469138622284,0.0007491707801818848,0,0,0
1.0,0.0,0.04490572214126587,0.05138756334781647,0.13481007516384125,0.09518083930015564,0.02800077199935913,0,0,0
2.0,0.0,0.0,0.018221169710159302,0.08404430747032166,0.06833189725875854,0.009364783763885498,0,0,0
4.0,0.0,0.0,0.0,0.0033713579177856445,0.003839552402496338,0.0014359354972839355,0,0,0
7.0,0.0,0.0,0.0,0.0,0.0,0.0,0,0,0
50.0,0.0,0.0,0.0,0.0,0.0,0.0,0,0,0
