hf time,inp time 0.5,inp time 1.0,inp time 2.0,inp time 4.0,inp time 7.0,inp time 10.0,inp time 15.0,inp time 20.0,inp time 50.0
0.5,0,0,0,0.19965937733650208,0.3566586673259735,0.008104205131530762,0,0,0
1.0,0,0,0,0.13713592290878296,0.018638193607330322,5.960464477539063e-08,0,0,0
2.0,0,0,0,0.2590543329715729,0.01927587389945984,0.0,0,0,0
4.0,0,0,0,0.0009208917617797852,0.0005524754524230957,5.960464477539063e-08,0,0,0
7.0,0,0,0,0.0,0.0,0.0,0,0,0
50.0,0,0,0,0.0,0.0,0.0,0,0,0
