hf time,inp time 0.5,inp time 1.0,inp time 2.0,inp time 4.0,inp time 7.0,inp time 10.0,inp time 15.0,inp time 20.0,inp time 50.0
0.5,0.22422228753566742,0.09643487632274628,0.12370580434799194,0.24504134058952332,0.12692350149154663,0,0,0,0
1.0,0.0,0.0,0.020542830228805542,0.08543315529823303,0.04826229810714722,0,0,0,0
2.0,0.0,0.0,0.0,0.02201974391937256,0.0074141621589660645,0,0,0,0
4.0,0.0,0.0,0.0,0.0,0.0,0,0,0,0
7.0,0.0,0.0,0.0,0.0,0.0,0,0,0,0
50.0,0.0,0.0,0.0,0.0,0.0,0,0,0,0
