hf time,inp time 0.5,inp time 1.0,inp time 2.0,inp time 4.0,inp time 7.0,inp time 10.0,inp time 15.0,inp time 20.0,inp time 50.0
0.5,0.07004187256097794,0.0,0.0015851110219955444,0.0008646100759506226,0.08224592357873917,0.07356719672679901,0.02334439754486084,0.014121919870376587,0.02175930142402649
1.0,0.0,0.11117411404848099,0.002170965075492859,0.013629332184791565,0.04279804974794388,0.06557436287403107,0.016499578952789307,0.034656375646591187,0.05872127413749695
2.0,0.0,0.0,0.03544600307941437,0.00259380042552948,0.05021935701370239,0.14987176656723022,0.018300890922546387,0.023056209087371826,0.01599520444869995
4.0,0.0,0.0,0.0,0.0005763918161392212,0.0025938302278518677,0.0007204711437225342,0.02255183458328247,0.036313414573669434,0.008574068546295166
7.0,0.0,0.0,0.0,0.0,0.0,7.206201553344727e-05,0.00028818845748901367,7.212162017822266e-05,0.0
50.0,0.0,0.0,0.0,0.0,0.0,0.0,0.0,0.0,0.0
