hf time,inp time 0.5,inp time 1.0,inp time 2.0,inp time 4.0,inp time 7.0,inp time 10.0,inp time 15.0,inp time 20.0,inp time 50.0
0.5,0.0896545946598053,0.051848456263542175,0.009835287928581238,0.035276249051094055,0.12259994447231293,0.07365092635154724,0.009642690420150757,0,0
1.0,0.0,0.022370994091033936,0.005486145615577698,0.06245121359825134,0.0687333196401596,0.04547160863876343,0.006196826696395874,0,0
2.0,0.0,0.0,0.05059771239757538,0.07274134457111359,0.09889283776283264,0.04509583115577698,0.011591434478759766,0,0
4.0,0.0,0.0,0.0,0.012990504503250122,0.04821005463600159,0.03019130229949951,0.022263705730438232,0,0
7.0,0.0,0.0,0.0,0.0,0.0,0.0010802149772644043,0.003126800060272217,0,0
50.0,0.0,0.0,0.0,0.0,0.0,0.0,0.0,0,0
