hf time,inp time 0.5,inp time 1.0,inp time 2.0,inp time 4.0,inp time 7.0,inp time 10.0,inp time 15.0,inp time 20.0,inp time 50.0
0.5,0.1719493567943573,0.07098031044006348,0.20345371961593628,0.13347604870796204,0,0,0,0,0
1.0,0.0,0.06847581267356873,0.1571880578994751,0.16174152493476868,0,0,0,0,0
2.0,0.0,0.0,0.025350749492645264,0.0073844194412231445,0,0,0,0,0
4.0,0.0,0.0,0.0,0.0,0,0,0,0,0
7.0,0.0,0.0,0.0,0.0,0,0,0,0,0
50.0,0.0,0.0,0.0,0.0,0,0,0,0,0
