hf time,inp time 0.5,inp time 1.0,inp time 2.0,inp time 4.0,inp time 7.0,inp time 10.0,inp time 15.0,inp time 20.0,inp time 50.0
0.5,0.10536482185125351,0.020350269973278046,0.07617077231407166,0.030240073800086975,0.14606627821922302,0.10513332486152649,0.0,0,0
1.0,0.0,0.0021871626377105713,0.021681562066078186,0.04536016285419464,0.07513746619224548,0.036873072385787964,0.001521468162536621,0,0
2.0,0.0,0.0,0.0010460466146469116,0.05524994432926178,0.08582496643066406,0.07520771026611328,0.02410101890563965,0,0
4.0,0.0,0.0,0.0,0.012172132730484009,0.029348522424697876,0.025477886199951172,0.025485336780548096,0,0
7.0,0.0,0.0,0.0,0.0,0.0,0.0,0.0,0,0
50.0,0.0,0.0,0.0,0.0,0.0,0.0,0.0,0,0
