hf time,inp time 0.5,inp time 1.0,inp time 2.0,inp time 4.0,inp time 7.0,inp time 10.0,inp time 15.0,inp time 20.0,inp time 50.0
0.5,0.006429589819163084,0.0031246603466570377,0.038360511884093285,0.392488818615675,0.21543020009994507,0.0,0,0,0
1.0,0.0,0.013557668775320053,0.014148078858852386,0.13386152312159538,0.11126464605331421,0.0,0,0,0
2.0,0.0,0.0,0.013261660933494568,0.025035932660102844,0.031652867794036865,0.0,0,0,0
4.0,0.0,0.0,0.0,0.0,0.0012618303298950195,0.00012189149856567383,0,0,0
7.0,0.0,0.0,0.0,0.0,0.0,0.0,0,0,0
50.0,0.0,0.0,0.0,0.0,0.0,0.0,0,0,0
