hf time,inp time 0.5,inp time 1.0,inp time 2.0,inp time 4.0,inp time 7.0,inp time 10.0,inp time 15.0,inp time 20.0,inp time 50.0
0.5,0,0.1362178474664688,0.32667796313762665,0.3617754578590393,0,0,0,0,0
1.0,0,0.0,0.0,0.16996943950653076,0,0,0,0,0
2.0,0,0.0,0.0,0.005359292030334473,0,0,0,0,0
4.0,0,0.0,0.0,0.0,0,0,0,0,0
7.0,0,0.0,0.0,0.0,0,0,0,0,0
50.0,0,0.0,0.0,0.0,0,0,0,0,0
