hf time,inp time 0.5,inp time 1.0,inp time 2.0,inp time 4.0,inp time 7.0,inp time 10.0,inp time 15.0,inp time 20.0,inp time 50.0
0.5,0.056060757488012314,0.011534657329320908,0.03861631453037262,0.46221785992383957,0,0,0,0,0
1.0,0.0,0.03131052851676941,0.035877399146556854,0.17548207193613052,0,0,0,0,0
2.0,0.0,0.0,0.15565162897109985,0.03324878215789795,0,0,0,0,0
4.0,0.0,0.0,0.0,0.0,0,0,0,0,0
7.0,0.0,0.0,0.0,0.0,0,0,0,0,0
50.0,0.0,0.0,0.0,0.0,0,0,0,0,0
