hf time,inp time 0.5,inp time 1.0,inp time 2.0,inp time 4.0,inp time 7.0,inp time 10.0,inp time 15.0,inp time 20.0,inp time 50.0
0.5,0.0008675843710079789,0.25176148710306734,0.4641967713832855,0.15349918603897095,0,0,0,0,0
1.0,0.0,0.0027423501014709473,0.07076317071914673,0.055534183979034424,0,0,0,0,0
2.0,0.0,0.0,0.0006351470947265625,2.384185791015625e-07,0,0,0,0,0
4.0,0.0,0.0,0.0,0.0,0,0,0,0,0
7.0,0.0,0.0,0.0,0.0,0,0,0,0,0
50.0,0.0,0.0,0.0,0.0,0,0,0,0,0
