hf time,inp time 0.5,inp time 1.0,inp time 2.0,inp time 4.0,inp time 7.0,inp time 10.0,inp time 15.0,inp time 20.0,inp time 50.0
0.5,0.40918898582458496,0.28523045778274536,0.17902028560638428,0.005407750606536865,0,0,0,0,0
1.0,0.0,0.09920579195022583,0.01918351650238037,0.0,0,0,0,0,0
2.0,0.0,0.0,0.002763092517852783,5.960464477539063e-08,0,0,0,0,0
4.0,0.0,0.0,0.0,0.0,0,0,0,0,0
7.0,0.0,0.0,0.0,0.0,0,0,0,0,0
50.0,0.0,0.0,0.0,0.0,0,0,0,0,0
