hf time,inp time 0.5,inp time 1.0,inp time 2.0,inp time 4.0,inp time 7.0,inp time 10.0,inp time 15.0,inp time 20.0,inp time 50.0
0.5,0.316494345664978,0.030273258686065674,0.2125760316848755,0.10607987642288208,0.005711555480957031,0.06800901889801025,0.0,0,0
1.0,0.0,0.0008461475372314453,0.027664661407470703,0.05819207429885864,0.011634409427642822,0.018932580947875977,0.00010579824447631836,0,0
2.0,0.0,0.0,0.0035430192947387695,0.032605648040771484,0.028663277626037598,0.02443242073059082,0.006035804748535156,0,0
4.0,0.0,0.0,0.0,0.00033676624298095703,0.010682642459869385,0.020534396171569824,0.015268504619598389,0,0
7.0,0.0,0.0,0.0,0.0,0.0010069608688354492,0.0003706216812133789,1.1920928955078125e-07,0,0
50.0,0.0,0.0,0.0,0.0,0.0,0.0,0.0,0,0
