hf time,inp time 0.5,inp time 1.0,inp time 2.0,inp time 4.0,inp time 7.0,inp time 10.0,inp time 15.0,inp time 20.0,inp time 50.0
0.5,0,0,0.0,0.0012427006149664521,0.5011215176200494,0.02199035882949829,0,0,0
1.0,0,0,5.986798714729957e-05,0.019937619206757518,0.19758324848953635,0.010116875171661377,0,0,0
2.0,0,0,0.00038417567338910885,0.010879457473492948,0.14543691836297512,0.06669658422470093,0,0,0
4.0,0,0,0.0,0.0,0.0012068748474121094,0.023343920707702637,0,0,0
7.0,0,0,0.0,0.0,0.0,0.0,0,0,0
50.0,0,0,0.0,0.0,0.0,0.0,0,0,0
