hf time,inp time 0.5,inp time 1.0,inp time 2.0,inp time 4.0,inp time 7.0,inp time 10.0,inp time 15.0,inp time 20.0,inp time 50.0
0.5,0.16133740544319153,0.17626100778579712,0.2197653353214264,0.08685952425003052,0,0,0,0,0
1.0,0.0,0.08153572678565979,0.20003369450569153,0.05268913507461548,0,0,0,0,0
2.0,0.0,0.0,0.014144718647003174,0.0073735713958740234,0,0,0,0,0
4.0,0.0,0.0,0.0,0.0,0,0,0,0,0
7.0,0.0,0.0,0.0,0.0,0,0,0,0,0
50.0,0.0,0.0,0.0,0.0,0,0,0,0,0
