hf time,inp time 0.5,inp time 1.0,inp time 2.0,inp time 4.0,inp time 7.0,inp time 10.0,inp time 15.0,inp time 20.0,inp time 50.0
0.5,0.3277364671230316,0.10223999619483948,0.05614978075027466,0.10143208503723145,0.0,0.0,0,0,0
1.0,0.0,0.1429840326309204,0.04786163568496704,0.01146310567855835,0.0,0.0,0,0,0
2.0,0.0,0.0,0.0003656148910522461,0.005168795585632324,0.0,0.0,0,0,0
4.0,0.0,0.0,0.0,0.11604303121566772,0.0,0.0,0,0,0
7.0,0.0,0.0,0.0,0.0,0.08452677726745605,0.0,0,0,0
50.0,0.0,0.0,0.0,0.0,0.0,0.004028677940368652,0,0,0
