hf time,inp time 0.5,inp time 1.0,inp time 2.0,inp time 4.0,inp time 7.0,inp time 10.0,inp time 15.0,inp time 20.0,inp time 50.0
0.5,0.14433598518371582,0.002738937735557556,0.07238709926605225,0.3053412586450577,0.057441890239715576,0,0,0,0
1.0,0.0,0.01114414632320404,0.09855565428733826,0.20595107972621918,0.04382050037384033,0,0,0,0
2.0,0.0,0.0,0.016442865133285522,0.01191815733909607,0.029922425746917725,0,0,0,0
4.0,0.0,0.0,0.0,0.0,0.0,0,0,0,0
7.0,0.0,0.0,0.0,0.0,0.0,0,0,0,0
50.0,0.0,0.0,0.0,0.0,0.0,0,0,0,0
