hf time,inp time 0.5,inp time 1.0,inp time 2.0,inp time 4.0,inp time 7.0,inp time 10.0,inp time 15.0,inp time 20.0,inp time 50.0
0.5,0.11705474555492401,0.025345727801322937,0.2548714578151703,0.28843384981155396,0.10145044326782227,0,0,0,0
1.0,0.0,0.02592618763446808,0.027788564562797546,0.08236426115036011,0.03625112771987915,0,0,0,0
2.0,0.0,0.0,0.004449993371963501,0.01759091019630432,0.011797606945037842,0,0,0,0
4.0,0.0,0.0,0.0,0.003095686435699463,0.0032891035079956055,0,0,0,0
7.0,0.0,0.0,0.0,0.0,0.00029021501541137695,0,0,0,0
50.0,0.0,0.0,0.0,0.0,0.0,0,0,0,0
