hf time,inp time 0.5,inp time 1.0,inp time 2.0,inp time 4.0,inp time 7.0,inp time 10.0,inp time 15.0,inp time 20.0,inp time 50.0
0.5,0,0,0.07918627560138702,0.17916907370090485,0.2949608862400055,0.0,0,0,0
1.0,0,0,0.0,0.08528220653533936,0.14556115865707397,0.0,0,0,0
2.0,0,0,0.0,0.04590970277786255,0.04941725730895996,0.0,0,0,0
4.0,0,0,0.0,0.029999494552612305,0.06461697816848755,0.0,0,0,0
7.0,0,0,0.0,0.0,0.021116316318511963,0.0047806501388549805,0,0,0
50.0,0,0,0.0,0.0,0.0,0.0,0,0,0
