hf time,inp time 0.5,inp time 1.0,inp time 2.0,inp time 4.0,inp time 7.0,inp time 10.0,inp time 15.0,inp time 20.0,inp time 50.0
0.5,0.13616053760051727,0.0009333193302154541,0.0015555322170257568,0.0258217453956604,0.00041481852531433105,0.1554490476846695,0.0,0,0
1.0,0.0,0.017075657844543457,0.0048739612102508545,0.010162830352783203,0.1519894152879715,0.07736162841320038,0.0023851394653320312,0,0
2.0,0.0,0.0,0.022307276725769043,0.05037127435207367,0.1384543925523758,0.010015428066253662,0.010059058666229248,0,0
4.0,0.0,0.0,0.0,0.04472392797470093,0.08452868461608887,0.01706981658935547,0.013906717300415039,0,0
7.0,0.0,0.0,0.0,0.0,0.015451610088348389,0.005392491817474365,0.0035355687141418457,0,0
50.0,0.0,0.0,0.0,0.0,0.0,0.0,0.0,0,0
