hf time,inp time 0.5,inp time 1.0,inp time 2.0,inp time 4.0,inp time 7.0,inp time 10.0,inp time 15.0,inp time 20.0,inp time 50.0
0.5,0.03537129610776901,0.09657008200883865,0.06619305908679962,0.15019111335277557,0.07575100660324097,0.0,0.0,0,0
1.0,0.0,0.005728200078010559,0.0211915522813797,0.08666402101516724,0.08273425698280334,0.0,0.0,0,0
2.0,0.0,0.0,0.007287248969078064,0.16408507525920868,0.08356288075447083,0.004929602146148682,0.0,0,0
4.0,0.0,0.0,0.0,0.011374056339263916,0.03046649694442749,0.05571812391281128,0.004235684871673584,0,0
7.0,0.0,0.0,0.0,0.0,0.0,0.01794612407684326,1.1920928955078125e-07,0,0
50.0,0.0,0.0,0.0,0.0,0.0,0.0,0.0,0,0
