hf time,inp time 0.5,inp time 1.0,inp time 2.0,inp time 4.0,inp time 7.0,inp time 10.0,inp time 15.0,inp time 20.0,inp time 50.0
0.5,0.0019986142870038748,0,0,3.66969034075737e-05,0.006421955535188317,0.05133074428886175,0.14691469818353653,0.06420272588729858,0.022348374128341675
1.0,0.0,0,0,0.0,0.004348047077655792,0.048026323318481445,0.06236802786588669,0.01444515585899353,0.0023207366466522217
2.0,0.0,0,0,0.0,0.11603556480258703,0.08169131074100733,0.08284732699394226,0.05287739634513855,0.014752030372619629
4.0,0.0,0,0,0.0,0.01614663004875183,0.00833013653755188,0.07601112127304077,0.09362918138504028,0.024917185306549072
7.0,0.0,0,0,0.0,0.0,0.0,0.0,0.0,0.008000016212463379
50.0,0.0,0,0,0.0,0.0,0.0,0.0,0.0,0.0
