hf time,inp time 0.5,inp time 1.0,inp time 2.0,inp time 4.0,inp time 7.0,inp time 10.0,inp time 15.0,inp time 20.0,inp time 50.0
0.5,0.15964211523532867,0.10146979987621307,0.15614482760429382,0.2430642545223236,0.09016257524490356,0.0,0,0,0
1.0,0.0,0.013377219438552856,0.04989808797836304,0.086859792470932,0.05322331190109253,0.0002211928367614746,0,0,0
2.0,0.0,0.0,0.0015583336353302002,0.012433141469955444,0.030065953731536865,0.0,0,0,0
4.0,0.0,0.0,0.0,0.0015477538108825684,0.00033164024353027344,5.960464477539063e-08,0,0,0
7.0,0.0,0.0,0.0,0.0,0.0,0.0,0,0,0
50.0,0.0,0.0,0.0,0.0,0.0,0.0,0,0,0
