hf time,inp time 0.5,inp time 1.0,inp time 2.0,inp time 4.0,inp time 7.0,inp time 10.0,inp time 15.0,inp time 20.0,inp time 50.0
0.5,0.16370244324207306,0.00828416645526886,0.05036534368991852,0.057208821177482605,0.04526275396347046,0.025727391242980957,0.0,0,0
1.0,0.0,0.03175598382949829,0.031515851616859436,0.0406404584646225,0.011543065309524536,0.009503871202468872,0.002461254596710205,0,0
2.0,0.0,0.0,0.01068541407585144,0.051841020584106445,0.04583325982093811,0.030092746019363403,0.011825919151306152,0,0
4.0,0.0,0.0,0.0,0.05388730764389038,0.18281865119934082,0.04564201831817627,0.01722872257232666,0,0
7.0,0.0,0.0,0.0,0.0,0.022330820560455322,0.031893789768218994,0.015727877616882324,0,0
50.0,0.0,0.0,0.0,0.0,0.0,0.0021610260009765625,6.002187728881836e-05,0,0
