hf time,inp time 0.5,inp time 1.0,inp time 2.0,inp time 4.0,inp time 7.0,inp time 10.0,inp time 15.0,inp time 20.0,inp time 50.0
0.5,0,0.0,0.0004600748361553997,0.0721293821989093,0.11998222768306732,0,0,0,0
1.0,0,0.005383501760661602,0.004321875429013744,0.056469249160727486,0.1434391885995865,0,0,0,0
2.0,0,0.0,0.18854776117950678,0.283096163533628,0.021115541458129883,0,0,0,0
4.0,0,0.0,0.0,0.10505515336990356,1.1920928955078125e-07,0,0,0,0
7.0,0,0.0,0.0,0.0,0.0,0,0,0,0
50.0,0,0.0,0.0,0.0,0.0,0,0,0,0
