hf time,inp time 0.5,inp time 1.0,inp time 2.0,inp time 4.0,inp time 7.0,inp time 10.0,inp time 15.0,inp time 20.0,inp time 50.0
0.5,0.06352036446332932,0.1533048376441002,0.27297480404376984,0.11754491925239563,0.09086114168167114,0.026750147342681885,0.0,0,0
1.0,0.0,0.02791018784046173,0.07107402384281158,0.057442039251327515,0.030804455280303955,0.007361948490142822,0.0,0,0
2.0,0.0,0.0,0.0018048286437988281,0.022086620330810547,0.027336835861206055,0.011970877647399902,0.00027430057525634766,0,0
4.0,0.0,0.0,0.0,0.005066215991973877,0.008411586284637451,0.003463268280029297,3.6597251892089844e-05,0,0
7.0,0.0,0.0,0.0,0.0,0.0,0.0,0.0,0,0
50.0,0.0,0.0,0.0,0.0,0.0,0.0,0.0,0,0
