hf time,inp time 0.5,inp time 1.0,inp time 2.0,inp time 4.0,inp time 7.0,inp time 10.0,inp time 15.0,inp time 20.0,inp time 50.0
0.5,0.21691948175430298,0.11358419060707092,0.08346834778785706,0.05804556608200073,0.18622082471847534,0.054369211196899414,0,0,0
1.0,0.0,0.022252708673477173,0.014111638069152832,0.02357366681098938,0.06375157833099365,0.011798977851867676,0,0,0
2.0,0.0,0.0,0.005014657974243164,0.004539966583251953,0.13903594017028809,0.002245008945465088,0,0,0
4.0,0.0,0.0,0.0,0.0,0.001068115234375,0.0,0,0,0
7.0,0.0,0.0,0.0,0.0,0.0,0.0,0,0,0
50.0,0.0,0.0,0.0,0.0,0.0,0.0,0,0,0
