hf time,inp time 0.5,inp time 1.0,inp time 2.0,inp time 4.0,inp time 7.0,inp time 10.0,inp time 15.0,inp time 20.0,inp time 50.0
0.5,0,0.0,0.20150502026081085,0.6911933869123459,0.01563704013824463,0,0,0,0
1.0,0,0.002772026928141713,0.016703224508091807,0.05925139784812927,0.0024877190589904785,0,0,0,0
2.0,0,0.0,0.008673131465911865,0.0,0.0017769932746887207,0,0,0,0
4.0,0,0.0,0.0,0.0,0.0,0,0,0,0
7.0,0,0.0,0.0,0.0,0.0,0,0,0,0
50.0,0,0.0,0.0,0.0,0.0,0,0,0,0
