hf time,inp time 0.5,inp time 1.0,inp time 2.0,inp time 4.0,inp time 7.0,inp time 10.0,inp time 15.0,inp time 20.0,inp time 50.0
0.5,0.214630126953125,0.005354717373847961,0.02887129783630371,0.19010333716869354,0.11312687397003174,0.002760171890258789,0.0,0,0
1.0,0.0,0.00585155189037323,0.026055872440338135,0.1286880522966385,0.06621015071868896,0.003533005714416504,0.0,0,0
2.0,0.0,0.0,0.0061827898025512695,0.0860910415649414,0.055693209171295166,0.005023479461669922,0.0009936690330505371,0,0
4.0,0.0,0.0,0.0,0.0003864169120788574,0.005476117134094238,0.01754140853881836,0.022049427032470703,0,0
7.0,0.0,0.0,0.0,0.0,0.0,0.0031055212020874023,0.012271761894226074,0,0
50.0,0.0,0.0,0.0,0.0,0.0,0.0,0.0,0,0
