hf time,inp time 0.5,inp time 1.0,inp time 2.0,inp time 4.0,inp time 7.0,inp time 10.0,inp time 15.0,inp time 20.0,inp time 50.0
0.5,0,0.005201253574341536,0.17144058318808675,0.2586860805749893,0.2080831229686737,0.0,0,0,0
1.0,0,0.0,0.04920072853565216,0.09084565937519073,0.12159892916679382,0.0,0,0,0
2.0,0,0.0,0.0,0.027740955352783203,0.04628956317901611,3.540515899658203e-05,0,0,0
4.0,0,0.0,0.0,0.0032538771629333496,0.014369964599609375,0.0032538175582885742,0,0,0
7.0,0,0.0,0.0,0.0,0.0,0.0,0,0,0
50.0,0,0.0,0.0,0.0,0.0,0.0,0,0,0
