hf time,inp time 0.5,inp time 1.0,inp time 2.0,inp time 4.0,inp time 7.0,inp time 10.0,inp time 15.0,inp time 20.0,inp time 50.0
0.5,0.13786832988262177,0.004914835095405579,0.1354568600654602,0.18194174766540527,0.047744691371917725,0.0,0,0,0
1.0,0.0,0.013990700244903564,0.08739209175109863,0.103901207447052,0.014056265354156494,0.017958998680114746,0,0,0
2.0,0.0,0.0,0.020154237747192383,0.1688411831855774,0.027266979217529297,0.012264728546142578,0,0,0
4.0,0.0,0.0,0.0,0.00099867582321167,0.022729814052581787,0.0025186538696289062,0,0,0
7.0,0.0,0.0,0.0,0.0,0.0,0.0,0,0,0
50.0,0.0,0.0,0.0,0.0,0.0,0.0,0,0,0
