hf time,inp time 0.5,inp time 1.0,inp time 2.0,inp time 4.0,inp time 7.0,inp time 10.0,inp time 15.0,inp time 20.0,inp time 50.0
0.5,0.042913325130939484,0.00021931901574134827,0.012208729982376099,0.0190076045691967,0.019080713391304016,7.31050968170166e-05,0.0,0,0
1.0,0.0,0.00957690179347992,0.03223982825875282,0.04201536253094673,0.057477548718452454,0.004093959927558899,0.0,0,0
2.0,0.0,0.0,0.03509096801280975,0.08953116834163666,0.16617351770401,0.02617199718952179,0.0,0,0
4.0,0.0,0.0,0.0,0.11105793714523315,0.19512128829956055,0.10893458127975464,0.0013159513473510742,0,0
7.0,0.0,0.0,0.0,0.0,0.01038902997970581,0.005979418754577637,0.011327862739562988,0,0
50.0,0.0,0.0,0.0,0.0,0.0,0.0,0.0,0,0
