hf time,inp time 0.5,inp time 1.0,inp time 2.0,inp time 4.0,inp time 7.0,inp time 10.0,inp time 15.0,inp time 20.0,inp time 50.0
0.5,0.09684044122695923,0.05296166241168976,0.21516363322734833,0.18376749753952026,0.0029404163360595703,0,0,0,0
1.0,0.0,0.021284490823745728,0.13444313406944275,0.15787667036056519,0.020656108856201172,0,0,0,0
2.0,0.0,0.0,0.008447885513305664,0.07317262887954712,0.0306512713432312,0,0,0,0
4.0,0.0,0.0,0.0,0.0017941594123840332,0.0,0,0,0,0
7.0,0.0,0.0,0.0,0.0,0.0,0,0,0,0
50.0,0.0,0.0,0.0,0.0,0.0,0,0,0,0
