hf time,inp time 0.5,inp time 1.0,inp time 2.0,inp time 4.0,inp time 7.0,inp time 10.0,inp time 15.0,inp time 20.0,inp time 50.0
0.5,0.3211292624473572,0.19450604915618896,0.15683519840240479,0.1103278398513794,0.015958189964294434,0,0,0,0
1.0,0.0,0.060360491275787354,0.08485585451126099,0.05040556192398071,0.003173530101776123,0,0,0,0
2.0,0.0,0.0,0.0004534125328063965,0.0019039511680603027,9.065866470336914e-05,0,0,0,0
4.0,0.0,0.0,0.0,0.0,0.0,0,0,0,0
7.0,0.0,0.0,0.0,0.0,0.0,0,0,0,0
50.0,0.0,0.0,0.0,0.0,0.0,0,0,0,0
