hf time,inp time 0.5,inp time 1.0,inp time 2.0,inp time 4.0,inp time 7.0,inp time 10.0,inp time 15.0,inp time 20.0,inp time 50.0
0.5,0.37587445974349976,0.20306938886642456,0.15014511346817017,0.06521624326705933,0.0070403218269348145,0.0,0,0,0
1.0,0.0,0.0728905200958252,0.026803672313690186,0.016013026237487793,0.007087886333465576,0.0012524724006652832,0,0,0
2.0,0.0,0.0,0.012776553630828857,0.00048285722732543945,0.036243557929992676,0.0037543177604675293,0,0,0
4.0,0.0,0.0,0.0,0.010232627391815186,0.0040534138679504395,0.006272673606872559,0,0,0
7.0,0.0,0.0,0.0,0.0,0.0004943609237670898,0.00029653310775756836,0,0,0
50.0,0.0,0.0,0.0,0.0,0.0,0.0,0,0,0
