hf time,inp time 0.5,inp time 1.0,inp time 2.0,inp time 4.0,inp time 7.0,inp time 10.0,inp time 15.0,inp time 20.0,inp time 50.0
0.5,0,0,0.003989316988736391,0.38878678483888507,0.316288024187088,0,0,0,0
1.0,0,0,0.010395878460258245,0.12383357295766473,0.13071629405021667,0,0,0,0
2.0,0,0,0.0,0.023273110389709473,0.002717137336730957,0,0,0,0
4.0,0,0,0.0,0.0,0.0,0,0,0,0
7.0,0,0,0.0,0.0,0.0,0,0,0,0
50.0,0,0,0.0,0.0,0.0,0,0,0,0
