hf time,inp time 0.5,inp time 1.0,inp time 2.0,inp time 4.0,inp time 7.0,inp time 10.0,inp time 15.0,inp time 20.0,inp time 50.0
0.5,0.0663236454129219,0.19122757762670517,0.2899684011936188,0.14090603590011597,0,0,0,0,0
1.0,0.0,0.007743358612060547,0.11395078897476196,0.12714779376983643,0,0,0,0,0
2.0,0.0,0.0,0.06239575147628784,0.00033664703369140625,0,0,0,0,0
4.0,0.0,0.0,0.0,0.0,0,0,0,0,0
7.0,0.0,0.0,0.0,0.0,0,0,0,0,0
50.0,0.0,0.0,0.0,0.0,0,0,0,0,0
