hf time,inp time 0.5,inp time 1.0,inp time 2.0,inp time 4.0,inp time 7.0,inp time 10.0,inp time 15.0,inp time 20.0,inp time 50.0
0.5,0.2054225504398346,0.43655815720558167,0.15279072523117065,0.0765230655670166,0,0,0,0,0
1.0,0.0,0.054887473583221436,0.053883492946624756,0.0012018680572509766,0,0,0,0,0
2.0,0.0,0.0,0.015877187252044678,0.0028554797172546387,0,0,0,0,0
4.0,0.0,0.0,0.0,0.0,0,0,0,0,0
7.0,0.0,0.0,0.0,0.0,0,0,0,0,0
50.0,0.0,0.0,0.0,0.0,0,0,0,0,0
