hf time,inp time 0.5,inp time 1.0,inp time 2.0,inp time 4.0,inp time 7.0,inp time 10.0,inp time 15.0,inp time 20.0,inp time 50.0
0.5,0.5993579030036926,0.043720543384552,0.2692093253135681,0.031210780143737793,0,0,0,0,0
1.0,0.0,0.01836717128753662,0.03131115436553955,0.001124560832977295,0,0,0,0,0
2.0,0.0,0.0,0.0029577016830444336,0.0020015835762023926,0,0,0,0,0
4.0,0.0,0.0,0.0,0.0007393956184387207,0,0,0,0,0
7.0,0.0,0.0,0.0,0.0,0,0,0,0,0
50.0,0.0,0.0,0.0,0.0,0,0,0,0,0
