hf time,inp time 0.5,inp time 1.0,inp time 2.0,inp time 4.0,inp time 7.0,inp time 10.0,inp time 15.0,inp time 20.0,inp time 50.0
0.5,0.07775893807411194,0.07758662104606628,0.07867223024368286,0.3729549050331116,0.1952844262123108,0,0,0,0
1.0,0.0,0.01994641125202179,0.016025230288505554,0.060891687870025635,0.06929486989974976,0,0,0,0
2.0,0.0,0.0,0.000574260950088501,0.014930933713912964,0.016079485416412354,0,0,0,0
4.0,0.0,0.0,0.0,0.0,0.0,0,0,0,0
7.0,0.0,0.0,0.0,0.0,0.0,0,0,0,0
50.0,0.0,0.0,0.0,0.0,0.0,0,0,0,0
