hf time,inp time 0.5,inp time 1.0,inp time 2.0,inp time 4.0,inp time 7.0,inp time 10.0,inp time 15.0,inp time 20.0,inp time 50.0
0.5,0.1267339587211609,0.004132211208343506,0.04565274715423584,0.128104567527771,0.05800619721412659,0.028315842151641846,0,0,0
1.0,0.0,0.048168495297431946,0.03814174234867096,0.07893222570419312,0.03573840856552124,0.026908814907073975,0,0,0
2.0,0.0,0.0,0.04312595725059509,0.07030552625656128,0.03715512156486511,0.019825875759124756,0,0,0
4.0,0.0,0.0,0.0,0.0556643009185791,0.09966504573822021,0.03764539957046509,0,0,0
7.0,0.0,0.0,0.0,0.0,0.006872773170471191,0.010904788970947266,0,0,0
50.0,0.0,0.0,0.0,0.0,0.0,0.0,0,0,0
