hf time,inp time 0.5,inp time 1.0,inp time 2.0,inp time 4.0,inp time 7.0,inp time 10.0,inp time 15.0,inp time 20.0,inp time 50.0
0.5,0,0,0,0.0,0.30675405263900757,0.20383185148239136,0.0,0,0
1.0,0,0,0,0.00023552001221105456,0.08533094107406214,0.126725435256958,0.004427790641784668,0,0
2.0,0,0,0,0.0,0.04632696509361267,0.1771116554737091,0.01121068000793457,0,0
4.0,0,0,0,0.0,0.00911492109298706,0.026810288429260254,0.0021198391914367676,0,0
7.0,0,0,0,0.0,0.0,0.0,0.0,0,0
50.0,0,0,0,0.0,0.0,0.0,0.0,0,0
