hf time,inp time 0.5,inp time 1.0,inp time 2.0,inp time 4.0,inp time 7.0,inp time 10.0,inp time 15.0,inp time 20.0,inp time 50.0
0.5,0.19756163656711578,0.0,0.07088600099086761,0.45292866230010986,0.060841143131256104,0,0,0,0
1.0,0.0,0.0695110410451889,0.01929326355457306,0.06758904457092285,0.0,0,0,0,0
2.0,0.0,0.0,0.007349163293838501,0.02632036805152893,0.01545494794845581,0,0,0,0
4.0,0.0,0.0,0.0,0.0012683272361755371,0.010996460914611816,0,0,0,0
7.0,0.0,0.0,0.0,0.0,0.0,0,0,0,0
50.0,0.0,0.0,0.0,0.0,0.0,0,0,0,0
