hf time,inp time 0.5,inp time 1.0,inp time 2.0,inp time 4.0,inp time 7.0,inp time 10.0,inp time 15.0,inp time 20.0,inp time 50.0
0.5,0.1893959492444992,0.029667288064956665,0.033463433384895325,0.018423348665237427,0.1080394983291626,0.00016874074935913086,0.0,0.0,0.02446916699409485
1.0,0.0,0.0058320313692092896,0.02558852732181549,0.02066466212272644,0.11195707321166992,0.014240562915802002,0.0,0.0,0.002789229154586792
2.0,0.0,0.0,0.0026219189167022705,0.060609638690948486,0.12270519137382507,0.002763092517852783,0.0,0.0,0.011664092540740967
4.0,0.0,0.0,0.0,0.037903815507888794,0.07191833853721619,0.013414382934570312,0.00012677907943725586,0.0003803372383117676,0.02725839614868164
7.0,0.0,0.0,0.0,0.0,0.02624422311782837,0.012551426887512207,0.0010142922401428223,0.007177770137786865,0.0
50.0,0.0,0.0,0.0,0.0,0.0,0.0,0.010903358459472656,0.006043374538421631,0.0
