hf time,inp time 0.5,inp time 1.0,inp time 2.0,inp time 4.0,inp time 7.0,inp time 10.0,inp time 15.0,inp time 20.0,inp time 50.0
0.5,0.0993955209851265,0.10973189026117325,0.016234740614891052,0.08132025599479675,0.005136966705322266,0,0,0,0
1.0,0.0,0.1174718588590622,0.14655713737010956,0.05231550335884094,0.01351076364517212,0,0,0,0
2.0,0.0,0.0,0.20925253629684448,0.07478702068328857,0.025523602962493896,0,0,0,0
4.0,0.0,0.0,0.0,0.04837453365325928,0.0003876686096191406,0,0,0,0
7.0,0.0,0.0,0.0,0.0,0.0,0,0,0,0
50.0,0.0,0.0,0.0,0.0,0.0,0,0,0,0
