hf time,inp time 0.5,inp time 1.0,inp time 2.0,inp time 4.0,inp time 7.0,inp time 10.0,inp time 15.0,inp time 20.0,inp time 50.0
0.5,0,0.011667756363749504,0.04160766489803791,0.33794669806957245,0.1857541799545288,0,0,0,0
1.0,0,0.0,0.02014338970184326,0.09888982772827148,0.20586687326431274,0,0,0,0
2.0,0,0.0,0.0,0.049973249435424805,0.04815036058425903,0,0,0,0
4.0,0,0.0,0.0,0.0,0.0,0,0,0,0
7.0,0,0.0,0.0,0.0,0.0,0,0,0,0
50.0,0,0.0,0.0,0.0,0.0,0,0,0,0
