hf time,inp time 0.5,inp time 1.0,inp time 2.0,inp time 4.0,inp time 7.0,inp time 10.0,inp time 15.0,inp time 20.0,inp time 50.0
0.5,0.31175804138183594,0.21758109331130981,0.2322629690170288,0.08125108480453491,0,0,0,0,0
1.0,0.0,0.07584947347640991,0.03663820028305054,0.04295140504837036,0,0,0,0,0
2.0,0.0,0.0,0.0002601742744445801,0.0014475584030151367,0,0,0,0,0
4.0,0.0,0.0,0.0,0.0,0,0,0,0,0
7.0,0.0,0.0,0.0,0.0,0,0,0,0,0
50.0,0.0,0.0,0.0,0.0,0,0,0,0,0
