hf time,inp time 0.5,inp time 1.0,inp time 2.0,inp time 4.0,inp time 7.0,inp time 10.0,inp time 15.0,inp time 20.0,inp time 50.0
0.5,0,0,0.00550004281103611,0.2149102594703436,0.397639736533165,0.0015611648559570312,0,0,0
1.0,0,0,0.002738073468208313,0.10645568370819092,0.13778583705425262,0.003512561321258545,0,0,0
2.0,0,0,0.00018888339400291443,0.06511783972382545,0.06419962644577026,0.0,0,0,0
4.0,0,0,0.0,0.0003902912139892578,0.0,5.960464477539063e-08,0,0,0
7.0,0,0,0.0,0.0,0.0,0.0,0,0,0
50.0,0,0,0.0,0.0,0.0,0.0,0,0,0
