hf time,inp time 0.5,inp time 1.0,inp time 2.0,inp time 4.0,inp time 7.0,inp time 10.0,inp time 15.0,inp time 20.0,inp time 50.0
0.5,0.08805052191019058,0.008935891091823578,0.02122511714696884,0.07777547091245651,0.04437914490699768,0.10935063660144806,0.17494797706604004,0,0
1.0,0.0,0.0010500028729438782,0.007960900664329529,0.01755010336637497,0.01413947343826294,0.04687528312206268,0.05226948857307434,0,0
2.0,0.0,0.0,0.0010499954223632812,0.0012000054121017456,0.026216134428977966,0.04976862668991089,0.16686293482780457,0,0
4.0,0.0,0.0,0.0,0.0,0.009068995714187622,0.03392300009727478,0.04740029573440552,0,0
7.0,0.0,0.0,0.0,0.0,0.0,0.0,0.0,0,0
50.0,0.0,0.0,0.0,0.0,0.0,0.0,0.0,0,0
