hf time,inp time 0.5,inp time 1.0,inp time 2.0,inp time 4.0,inp time 7.0,inp time 10.0,inp time 15.0,inp time 20.0,inp time 50.0
0.5,0.0900886058807373,0.0621248334646225,0.09275166690349579,0.1148708164691925,0.24020618200302124,0.011012852191925049,0.0,0,0
1.0,0.0,0.010882467031478882,0.02435404062271118,0.024864494800567627,0.08250603079795837,0.014894366264343262,0.0,0,0
2.0,0.0,0.0,0.0012325048446655273,0.03072872757911682,0.09484371542930603,0.026719748973846436,0.0,0,0
4.0,0.0,0.0,0.0,0.01046934723854065,0.025563746690750122,0.027351438999176025,0.001534581184387207,0,0
7.0,0.0,0.0,0.0,0.0,0.00717085599899292,0.005828976631164551,0.0,0,0
50.0,0.0,0.0,0.0,0.0,0.0,0.0,0.0,0,0
