hf time,inp time 0.5,inp time 1.0,inp time 2.0,inp time 4.0,inp time 7.0,inp time 10.0,inp time 15.0,inp time 20.0,inp time 50.0
0.5,0.03248867020010948,0.02205124869942665,0.0354100838303566,0.39693205803632736,0.030319541692733765,0,0,0,0
1.0,0.0,0.020018242299556732,0.03457753360271454,0.3522629961371422,0.022251635789871216,0,0,0,0
2.0,0.0,0.0,0.025939270853996277,0.025611773133277893,0.0018087029457092285,0,0,0,0
4.0,0.0,0.0,0.0,0.00032824277877807617,1.1920928955078125e-07,0,0,0,0
7.0,0.0,0.0,0.0,0.0,0.0,0,0,0,0
50.0,0.0,0.0,0.0,0.0,0.0,0,0,0,0
