hf time,inp time 0.5,inp time 1.0,inp time 2.0,inp time 4.0,inp time 7.0,inp time 10.0,inp time 15.0,inp time 20.0,inp time 50.0
0.5,0,0,0.0,0.37091749906539917,0.19726353883743286,0,0,0,0
1.0,0,0,0.027690032497048378,0.15226366184651852,0.09919404983520508,0,0,0,0
2.0,0,0,0.02706952951848507,0.03319368697702885,0.09240812063217163,0,0,0,0
4.0,0,0,0.0,0.0,0.0,0,0,0,0
7.0,0,0,0.0,0.0,0.0,0,0,0,0
50.0,0,0,0.0,0.0,0.0,0,0,0,0
