hf time,inp time 0.5,inp time 1.0,inp time 2.0,inp time 4.0,inp time 7.0,inp time 10.0,inp time 15.0,inp time 20.0,inp time 50.0
0.5,0.08497768640518188,0.007858328521251678,0.11442368477582932,0.20581810176372528,0.12022837996482849,0.044682860374450684,0,0,0
1.0,0.0,0.026389122009277344,0.029893502593040466,0.12960492074489594,0.11486998200416565,0.002164125442504883,0,0,0
2.0,0.0,0.0,0.002973407506942749,0.030784636735916138,0.05548197031021118,0.014755964279174805,0,0,0
4.0,0.0,0.0,0.0,0.0,0.0,0.015093445777893066,0,0,0
7.0,0.0,0.0,0.0,0.0,0.0,0.0,0,0,0
50.0,0.0,0.0,0.0,0.0,0.0,0.0,0,0,0
