hf time,inp time 0.5,inp time 1.0,inp time 2.0,inp time 4.0,inp time 7.0,inp time 10.0,inp time 15.0,inp time 20.0,inp time 50.0
0.5,0,0,0.16009026765823364,0.06997881829738617,0.5003401786088943,0.006709754467010498,0,0,0
1.0,0,0,0.05752013623714447,0.05514600872993469,0.09760682284832001,0.0030768513679504395,0,0,0
2.0,0,0,0.030557557940483093,0.00890718400478363,0.01006653904914856,0.0,0,0,0
4.0,0,0,0.0,0.0,0.0,0.0,0,0,0
7.0,0,0,0.0,0.0,0.0,0.0,0,0,0
50.0,0,0,0.0,0.0,0.0,0.0,0,0,0
