hf time,inp time 0.5,inp time 1.0,inp time 2.0,inp time 4.0,inp time 7.0,inp time 10.0,inp time 15.0,inp time 20.0,inp time 50.0
0.5,0.06905385106801987,0.03915926814079285,0.05465672165155411,0.14601659774780273,0.10125735402107239,0.01590380072593689,0,0,0
1.0,0.0,0.016691453754901886,0.06972303241491318,0.15845465660095215,0.09681859612464905,0.00907716155052185,0,0,0
2.0,0.0,0.0,0.00228804349899292,0.13547354936599731,0.0628049373626709,0.007873713970184326,0,0,0
4.0,0.0,0.0,0.0,3.7550926208496094e-05,0.010341346263885498,0.0043683648109436035,0,0,0
7.0,0.0,0.0,0.0,0.0,0.0,0.0,0,0,0
50.0,0.0,0.0,0.0,0.0,0.0,0.0,0,0,0
