hf time,inp time 0.5,inp time 1.0,inp time 2.0,inp time 4.0,inp time 7.0,inp time 10.0,inp time 15.0,inp time 20.0,inp time 50.0
0.5,0.08133549988269806,0.24212457239627838,0.2452605664730072,0.23169809579849243,0.027187108993530273,0,0,0,0
1.0,0.0,0.027065783739089966,0.01019999384880066,0.09644210338592529,0.03194695711135864,0,0,0,0
2.0,0.0,0.0,0.00040662288665771484,0.005228877067565918,0.001103818416595459,0,0,0,0
4.0,0.0,0.0,0.0,0.0,0.0,0,0,0,0
7.0,0.0,0.0,0.0,0.0,0.0,0,0,0,0
50.0,0.0,0.0,0.0,0.0,0.0,0,0,0,0
