hf time,inp time 0.5,inp time 1.0,inp time 2.0,inp time 4.0,inp time 7.0,inp time 10.0,inp time 15.0,inp time 20.0,inp time 50.0
0.5,0,0.06109463423490524,0.8128325417637825,0.0,0,0,0,0,0
1.0,0,0.041440755128860474,0.0408574640750885,0.028935015201568604,0,0,0,0,0
2.0,0,0.0,0.004603564739227295,0.009207069873809814,0,0,0,0,0
4.0,0,0.0,0.0,0.001028895378112793,0,0,0,0,0
7.0,0,0.0,0.0,0.0,0,0,0,0,0
50.0,0,0.0,0.0,0.0,0,0,0,0,0
