hf time,inp time 0.5,inp time 1.0,inp time 2.0,inp time 4.0,inp time 7.0,inp time 10.0,inp time 15.0,inp time 20.0,inp time 50.0
0.5,0.05988509580492973,0.02484951540827751,0.2999851778149605,0.3019501566886902,0.03290039300918579,0,0,0,0
1.0,0.0,0.017901010811328888,0.06803487986326218,0.07627308368682861,0.007947325706481934,0,0,0,0
2.0,0.0,0.0,0.014788269996643066,0.08188313245773315,0.009572327136993408,0,0,0,0
4.0,0.0,0.0,0.0,0.0038057565689086914,0.0002238750457763672,0,0,0,0
7.0,0.0,0.0,0.0,0.0,0.0,0,0,0,0
50.0,0.0,0.0,0.0,0.0,0.0,0,0,0,0
