hf time,inp time 0.5,inp time 1.0,inp time 2.0,inp time 4.0,inp time 7.0,inp time 10.0,inp time 15.0,inp time 20.0,inp time 50.0
0.5,0,0.0,0.008896677754819393,0.14142556581646204,0.1408718079328537,0.000742793083190918,0,0,0
1.0,0,0.007313485722988844,0.012778948526829481,0.12135819438844919,0.10832737386226654,0.0,0,0,0
2.0,0,0.0,0.07949885912239552,0.15331184677779675,0.15467873215675354,0.009656190872192383,0,0,0
4.0,0,0.0,0.0,0.0013370513916015625,0.023024797439575195,0.03310364484786987,0,0,0
7.0,0,0.0,0.0,0.0,0.0010944008827209473,0.002579629421234131,0,0,0
50.0,0,0.0,0.0,0.0,0.0,0.0,0,0,0
