hf time,inp time 0.5,inp time 1.0,inp time 2.0,inp time 4.0,inp time 7.0,inp time 10.0,inp time 15.0,inp time 20.0,inp time 50.0
0.5,0.6135664582252502,0.12266987562179565,0.0,0,0,0,0,0,0
1.0,0.0,0.2593575119972229,0.0011015534400939941,0,0,0,0,0,0
2.0,0.0,0.0,0.0033045411109924316,0,0,0,0,0,0
4.0,0.0,0.0,0.0,0,0,0,0,0,0
7.0,0.0,0.0,0.0,0,0,0,0,0,0
50.0,0.0,0.0,0.0,0,0,0,0,0,0
