hf time,inp time 0.5,inp time 1.0,inp time 2.0,inp time 4.0,inp time 7.0,inp time 10.0,inp time 15.0,inp time 20.0,inp time 50.0
0.5,0.09536291658878326,0,0.13272522389888763,0.2411768138408661,0.34045514464378357,0.0,0,0,0
1.0,0.0,0,0.008168891072273254,0.045237377285957336,0.11168107390403748,0.0251924991607666,0,0,0
2.0,0.0,0,0.0,0.0,0.0,0.0,0,0,0
4.0,0.0,0,0.0,0.0,0.0,0.0,0,0,0
7.0,0.0,0,0.0,0.0,0.0,0.0,0,0,0
50.0,0.0,0,0.0,0.0,0.0,0.0,0,0,0
