hf time,inp time 0.5,inp time 1.0,inp time 2.0,inp time 4.0,inp time 7.0,inp time 10.0,inp time 15.0,inp time 20.0,inp time 50.0
0.5,0.17105291783809662,0.06770990788936615,0.5437947809696198,0.11459273099899292,0.024169862270355225,0,0,0,0
1.0,0.0,0.006848514080047607,0.02914583683013916,0.008875846862792969,0.002941310405731201,0,0,0,0
2.0,0.0,0.0,0.003866732120513916,0.01317143440246582,0.013830244541168213,0,0,0,0
4.0,0.0,0.0,0.0,0.0,0.0,0,0,0,0
7.0,0.0,0.0,0.0,0.0,0.0,0,0,0,0
50.0,0.0,0.0,0.0,0.0,0.0,0,0,0,0
