hf time,inp time 0.5,inp time 1.0,inp time 2.0,inp time 4.0,inp time 7.0,inp time 10.0,inp time 15.0,inp time 20.0,inp time 50.0
0.5,0.06574911624193192,0.009003564715385437,0.006687790155410767,0.11793514341115952,0.08583925664424896,0.011589199304580688,0,0,0
1.0,0.0,0.031807638704776764,0.010255545377731323,0.05746538192033768,0.10607893764972687,0.013205200433731079,0,0,0
2.0,0.0,0.0,0.08424156904220581,0.11476248502731323,0.12607890367507935,0.013207077980041504,0,0,0
4.0,0.0,0.0,0.0,0.04925483465194702,0.03958463668823242,0.041416704654693604,0,0,0
7.0,0.0,0.0,0.0,0.0,0.00337064266204834,0.012466371059417725,0,0,0
50.0,0.0,0.0,0.0,0.0,0.0,0.0,0,0,0
