hf time,inp time 0.5,inp time 1.0,inp time 2.0,inp time 4.0,inp time 7.0,inp time 10.0,inp time 15.0,inp time 20.0,inp time 50.0
0.5,0.16133762896060944,0.012681156396865845,0.006479427218437195,0.033137619495391846,0.05479741096496582,0.0,0,0,0
1.0,0.0,0.020363911986351013,0.05146510899066925,0.027954071760177612,0.04069113731384277,0.0,0,0,0
2.0,0.0,0.0,0.0802522599697113,0.11223801970481873,0.12103152275085449,0.0043261051177978516,0,0,0
4.0,0.0,0.0,0.0,0.16281867027282715,0.10674792528152466,0.002567291259765625,0,0,0
7.0,0.0,0.0,0.0,0.0,0.0011107921600341797,5.960464477539063e-08,0,0,0
50.0,0.0,0.0,0.0,0.0,0.0,0.0,0,0,0
