hf time,inp time 0.5,inp time 1.0,inp time 2.0,inp time 4.0,inp time 7.0,inp time 10.0,inp time 15.0,inp time 20.0,inp time 50.0
0.5,0,0.04806635528802872,0.3637477681040764,0.42997607588768005,0.023180067539215088,0,0,0,0
1.0,0,0.0,0.06795433163642883,0.04787573218345642,0.006673693656921387,0,0,0,0
2.0,0,0.0,0.0006154179573059082,0.010589957237243652,0.0013206005096435547,0,0,0,0
4.0,0,0.0,0.0,0.0,0.0,0,0,0,0
7.0,0,0.0,0.0,0.0,0.0,0,0,0,0
50.0,0,0.0,0.0,0.0,0.0,0,0,0,0
