hf time,inp time 0.5,inp time 1.0,inp time 2.0,inp time 4.0,inp time 7.0,inp time 10.0,inp time 15.0,inp time 20.0,inp time 50.0
0.5,0,0,0.009693099185824394,0.21258369274437428,0.12495188415050507,0.12795612215995789,0.0,0,0
1.0,0,0,0.023699777200818062,0.08899864368140697,0.2126067727804184,0.08180984854698181,0.0,0,0
2.0,0,0,0.004254419356584549,0.024020832031965256,0.04834246635437012,0.041036784648895264,4.57763671875e-05,0,0
4.0,0,0,0.0,0.0,0.0,0.0,0.0,0,0
7.0,0,0,0.0,0.0,0.0,0.0,0.0,0,0
50.0,0,0,0.0,0.0,0.0,0.0,0.0,0,0
