hf time,inp time 0.5,inp time 1.0,inp time 2.0,inp time 4.0,inp time 7.0,inp time 10.0,inp time 15.0,inp time 20.0,inp time 50.0
0.5,0.09522450715303421,0.04095984250307083,0.11736755073070526,0.08191969990730286,0.16180011630058289,0.0,0,0,0
1.0,0.0,0.04485628008842468,0.07602748274803162,0.06265369057655334,0.10880419611930847,0.0,0,0,0
2.0,0.0,0.0,0.008236318826675415,0.08841666579246521,0.07999646663665771,0.0,0,0,0
4.0,0.0,0.0,0.0,0.024613916873931885,0.008933305740356445,0.00018996000289916992,0,0,0
7.0,0.0,0.0,0.0,0.0,0.0,0.0,0,0,0
50.0,0.0,0.0,0.0,0.0,0.0,0.0,0,0,0
