hf time,inp time 0.5,inp time 1.0,inp time 2.0,inp time 4.0,inp time 7.0,inp time 10.0,inp time 15.0,inp time 20.0,inp time 50.0
0.5,0.4580051004886627,0.1074838936328888,0.2802007794380188,0.06403553485870361,0,0,0,0,0
1.0,0.0,0.04519468545913696,0.03476077318191528,0.007289469242095947,0,0,0,0,0
2.0,0.0,0.0,0.002146124839782715,0.000883638858795166,0,0,0,0,0
4.0,0.0,0.0,0.0,0.0,0,0,0,0,0
7.0,0.0,0.0,0.0,0.0,0,0,0,0,0
50.0,0.0,0.0,0.0,0.0,0,0,0,0,0
