hf time,inp time 0.5,inp time 1.0,inp time 2.0,inp time 4.0,inp time 7.0,inp time 10.0,inp time 15.0,inp time 20.0,inp time 50.0
0.5,0.12969623506069183,0.014780968427658081,0.007218286395072937,0.04544535279273987,0.16000163555145264,0.038562387228012085,0.019319355487823486,0,0
1.0,0.0,0.014237761497497559,0.026128992438316345,0.027598991990089417,0.054517537355422974,0.048170119524002075,0.011432290077209473,0,0
2.0,0.0,0.0,0.015148848295211792,0.04440245032310486,0.08536547422409058,0.1329835057258606,0.030362725257873535,0,0
4.0,0.0,0.0,0.0,0.000637352466583252,0.021503746509552002,0.05652594566345215,0.01440650224685669,0,0
7.0,0.0,0.0,0.0,0.0,0.0,0.0015535354614257812,0.0,0,0
50.0,0.0,0.0,0.0,0.0,0.0,0.0,0.0,0,0
