hf time,inp time 0.5,inp time 1.0,inp time 2.0,inp time 4.0,inp time 7.0,inp time 10.0,inp time 15.0,inp time 20.0,inp time 50.0
0.5,0,0,0.029279546812176704,0.07691221497952938,0.2641915902495384,0.0,0,0,0
1.0,0,0,0.051541296765208244,0.09504416026175022,0.22474084049463272,0.0,0,0,0
2.0,0,0,0.01269330084323883,0.1082143634557724,0.12655073404312134,0.003050565719604492,0,0,0
4.0,0,0,0.0,0.003621995449066162,0.004159331321716309,5.960464477539063e-08,0,0,0
7.0,0,0,0.0,0.0,0.0,0.0,0,0,0
50.0,0,0,0.0,0.0,0.0,0.0,0,0,0
