hf time,inp time 0.5,inp time 1.0,inp time 2.0,inp time 4.0,inp time 7.0,inp time 10.0,inp time 15.0,inp time 20.0,inp time 50.0
0.5,0.038141459226608276,0.001063026487827301,0.0376158133149147,0.09527678787708282,0.16077005863189697,0.04605036973953247,0,0,0
1.0,0.0,0.004082024097442627,0.024897560477256775,0.07603390514850616,0.1404862403869629,0.02987849712371826,0,0,0
2.0,0.0,0.0,0.011449359357357025,0.08995727449655533,0.19133222103118896,0.02208423614501953,0,0,0
4.0,0.0,0.0,0.0,0.003444194793701172,0.02577871084213257,0.0016582608222961426,0,0,0
7.0,0.0,0.0,0.0,0.0,0.0,0.0,0,0,0
50.0,0.0,0.0,0.0,0.0,0.0,0.0,0,0,0
