hf time,inp time 0.5,inp time 1.0,inp time 2.0,inp time 4.0,inp time 7.0,inp time 10.0,inp time 15.0,inp time 20.0,inp time 50.0
0.5,0.004384920001029968,0.004948025569319725,0.026222875341773033,0.48694391921162605,0.14775270223617554,0.01138991117477417,0,0,0
1.0,0.0,0.002591824159026146,0.013862324878573418,0.10343499109148979,0.07530736923217773,0.01026695966720581,0,0,0
2.0,0.0,0.0,0.009974591434001923,0.016970939934253693,0.05616199970245361,0.022707700729370117,0,0,0
4.0,0.0,0.0,0.0,0.0,0.0,0.007078945636749268,0,0,0
7.0,0.0,0.0,0.0,0.0,0.0,0.0,0,0,0
50.0,0.0,0.0,0.0,0.0,0.0,0.0,0,0,0
