hf time,inp time 0.5,inp time 1.0,inp time 2.0,inp time 4.0,inp time 7.0,inp time 10.0,inp time 15.0,inp time 20.0,inp time 50.0
0.5,0,0.007727478630840778,0.03720663022249937,0.23379205167293549,0.2953460216522217,0,0,0,0
1.0,0,0.0,0.012373249977827072,0.10170714929699898,0.2189951241016388,0,0,0,0
2.0,0,0.0,0.0,0.011142134666442871,0.0817101001739502,0,0,0,0
4.0,0,0.0,0.0,0.0,0.0,0,0,0,0
7.0,0,0.0,0.0,0.0,0.0,0,0,0,0
50.0,0,0.0,0.0,0.0,0.0,0,0,0,0
