hf time,inp time 0.5,inp time 1.0,inp time 2.0,inp time 4.0,inp time 7.0,inp time 10.0,inp time 15.0,inp time 20.0,inp time 50.0
0.5,0,0,0,0.03125041350722313,0.2736552990972996,0.07147032022476196,0,0,0
1.0,0,0,0,0.03215303644537926,0.19488391652703285,0.06153738498687744,0,0,0
2.0,0,0,0,0.036117471754550934,0.22089125961065292,0.03344154357910156,0,0,0
4.0,0,0,0,0.003103971481323242,0.039643824100494385,0.0018515586853027344,0,0,0
7.0,0,0,0,0.0,0.0,0.0,0,0,0
50.0,0,0,0,0.0,0.0,0.0,0,0,0
