hf time,inp time 0.5,inp time 1.0,inp time 2.0,inp time 4.0,inp time 7.0,inp time 10.0,inp time 15.0,inp time 20.0,inp time 50.0
0.5,0.27243572473526,0.40553373098373413,0.06108832359313965,0.0060040950775146484,0,0,0,0,0
1.0,0.0,0.12554746866226196,0.12570452690124512,0.0001334547996520996,0,0,0,0,0
2.0,0.0,0.0,0.003552675247192383,1.1920928955078125e-07,0,0,0,0,0
4.0,0.0,0.0,0.0,0.0,0,0,0,0,0
7.0,0.0,0.0,0.0,0.0,0,0,0,0,0
50.0,0.0,0.0,0.0,0.0,0,0,0,0,0
