hf time,inp time 0.5,inp time 1.0,inp time 2.0,inp time 4.0,inp time 7.0,inp time 10.0,inp time 15.0,inp time 20.0,inp time 50.0
0.5,0.410460501909256,0.35549458861351013,0.1406957507133484,0.02857804298400879,0,0,0,0,0
1.0,0.0,0.04229050874710083,0.008172988891601562,0.007350146770477295,0,0,0,0,0
2.0,0.0,0.0,0.00011736154556274414,0.0068399906158447266,0,0,0,0,0
4.0,0.0,0.0,0.0,0.0,0,0,0,0,0
7.0,0.0,0.0,0.0,0.0,0,0,0,0,0
50.0,0.0,0.0,0.0,0.0,0,0,0,0,0
