hf time,inp time 0.5,inp time 1.0,inp time 2.0,inp time 4.0,inp time 7.0,inp time 10.0,inp time 15.0,inp time 20.0,inp time 50.0
0.5,0,0.0,0.0354781448841095,0.14699742197990417,0.3004644513130188,0.0,0,0,0
1.0,0,0.00046225599362514913,0.0065871480910573155,0.18318284302949905,0.1807176172733307,0.0,0,0,0
2.0,0,0.0,0.010054070502519608,0.07007266208529472,0.06436249613761902,0.0016208887100219727,0,0,0
4.0,0,0.0,0.0,0.0,0.0,0.0,0,0,0
7.0,0,0.0,0.0,0.0,0.0,0.0,0,0,0
50.0,0,0.0,0.0,0.0,0.0,0.0,0,0,0
