hf time,inp time 0.5,inp time 1.0,inp time 2.0,inp time 4.0,inp time 7.0,inp time 10.0,inp time 15.0,inp time 20.0,inp time 50.0
0.5,0,0.0639500617980957,0.800025224685669,0.017730772495269775,0,0,0,0,0
1.0,0,0.010687358677387238,0.09886228293180466,0.005658745765686035,0,0,0,0,0
2.0,0,0.0,0.0026317834854125977,0.00045377016067504883,0,0,0,0,0
4.0,0,0.0,0.0,0.0,0,0,0,0,0
7.0,0,0.0,0.0,0.0,0,0,0,0,0
50.0,0,0.0,0.0,0.0,0,0,0,0,0
