hf time,inp time 0.5,inp time 1.0,inp time 2.0,inp time 4.0,inp time 7.0,inp time 10.0,inp time 15.0,inp time 20.0,inp time 50.0
0.5,0,0,0.0,0.0,0.0,0,0,0,0
1.0,0,0,0.044162407517433167,0.2782769352197647,0.0,0,0,0,0
2.0,0,0,0.0,0.45049306750297546,0.05740171670913696,0,0,0,0
4.0,0,0,0.0,0.1550324559211731,0.014633536338806152,0,0,0,0
7.0,0,0,0.0,0.0,0.0,0,0,0,0
50.0,0,0,0.0,0.0,0.0,0,0,0,0
