hf time,inp time 0.5,inp time 1.0,inp time 2.0,inp time 4.0,inp time 7.0,inp time 10.0,inp time 15.0,inp time 20.0,inp time 50.0
0.5,0.06468738615512848,0.08516834676265717,0.12230172753334045,0.30589547753334045,0.0907943844795227,0.0,0,0,0
1.0,0.0,0.019061490893363953,0.01293124258518219,0.07864826917648315,0.07838809490203857,0.0,0,0,0
2.0,0.0,0.0,0.0012426972389221191,0.03062450885772705,0.09048765897750854,0.0,0,0,0
4.0,0.0,0.0,0.0,0.0,0.011319339275360107,0.00824648141860962,0,0,0
7.0,0.0,0.0,0.0,0.0,0.0,0.0002028346061706543,0,0,0
50.0,0.0,0.0,0.0,0.0,0.0,0.0,0,0,0
