hf time,inp time 0.5,inp time 1.0,inp time 2.0,inp time 4.0,inp time 7.0,inp time 10.0,inp time 15.0,inp time 20.0,inp time 50.0
0.5,0.3205130994319916,0.02911818027496338,0.06676912307739258,0.055889785289764404,0.009325593709945679,0.0011569559574127197,0.0,0,0
1.0,0.0,0.07732847332954407,0.04746365547180176,0.03813093900680542,0.01885715126991272,0.00417134165763855,0.0,0,0
2.0,0.0,0.0,0.08442121744155884,0.10594868659973145,0.03794759511947632,0.020299911499023438,0.0,0,0
4.0,0.0,0.0,0.0,0.013332486152648926,0.03413456678390503,0.03490418195724487,0.00025963783264160156,0,0
7.0,0.0,0.0,0.0,0.0,0.0,2.753734588623047e-05,0.0,0,0
50.0,0.0,0.0,0.0,0.0,0.0,0.0,0.0,0,0
