hf time,inp time 0.5,inp time 1.0,inp time 2.0,inp time 4.0,inp time 7.0,inp time 10.0,inp time 15.0,inp time 20.0,inp time 50.0
0.5,0.14412254095077515,0.09892220795154572,0.06928925216197968,0.3558735251426697,0.0,0,0,0,0
1.0,0.0,0.02343212068080902,0.10104866325855255,0.1518903374671936,0.0,0,0,0,0
2.0,0.0,0.0,0.01259562373161316,0.034289151430130005,0.00853651762008667,0,0,0,0
4.0,0.0,0.0,0.0,0.0,0.0,0,0,0,0
7.0,0.0,0.0,0.0,0.0,0.0,0,0,0,0
50.0,0.0,0.0,0.0,0.0,0.0,0,0,0,0
