hf time,inp time 0.5,inp time 1.0,inp time 2.0,inp time 4.0,inp time 7.0,inp time 10.0,inp time 15.0,inp time 20.0,inp time 50.0
0.5,0.046862464398145676,0.08016495779156685,0.32134073972702026,0.06785520911216736,0.08430802822113037,0.008318901062011719,0.0,0.0,0
1.0,0.0,0.18394255638122559,0.06667223572731018,0.045000702142715454,0.010882973670959473,0.0030806660652160645,0.0,0.0,0
2.0,0.0,0.0,0.0017386674880981445,0.035939037799835205,0.015316128730773926,0.002133309841156006,0.0,6.0498714447021484e-05,0
4.0,0.0,0.0,0.0,0.005144894123077393,0.007849693298339844,0.003703474998474121,0.0,6.0558319091796875e-05,0
7.0,0.0,0.0,0.0,0.0,0.0,0.00022423267364501953,0.00940006971359253,0.0,0
50.0,0.0,0.0,0.0,0.0,0.0,0.0,0.0,0.0,0
