hf time,inp time 0.5,inp time 1.0,inp time 2.0,inp time 4.0,inp time 7.0,inp time 10.0,inp time 15.0,inp time 20.0,inp time 50.0
0.5,0.2506123185157776,0.11142021417617798,0.2531546354293823,0.14592641592025757,0.0035331249237060547,0,0,0,0
1.0,0.0,0.0432567298412323,0.11172828078269958,0.06635886430740356,0.008035540580749512,0,0,0,0
2.0,0.0,0.0,0.0021485090255737305,0.0011515617370605469,0.002673804759979248,0,0,0,0
4.0,0.0,0.0,0.0,0.0,0.0,0,0,0,0
7.0,0.0,0.0,0.0,0.0,0.0,0,0,0,0
50.0,0.0,0.0,0.0,0.0,0.0,0,0,0,0
