hf time,inp time 0.5,inp time 1.0,inp time 2.0,inp time 4.0,inp time 7.0,inp time 10.0,inp time 15.0,inp time 20.0,inp time 50.0
0.5,0.022051243111491203,0.28480267710983753,0.12040182948112488,0.0495893657207489,0.11796644330024719,0.025540590286254883,0.002795279026031494,0.0,0.0
1.0,0.0,0.0167713463306427,0.024018287658691406,0.03372907638549805,0.05244681239128113,0.018969297409057617,0.011399924755096436,0.0,0.0
2.0,0.0,0.0,0.0065946877002716064,0.06344154477119446,0.032495975494384766,0.03308230638504028,0.010205388069152832,0.0006211996078491211,0.0
4.0,0.0,0.0,0.0,0.007195174694061279,0.012526750564575195,0.0095289945602417,0.03116244077682495,0.0,0.0
7.0,0.0,0.0,0.0,0.0,0.00034499168395996094,0.006447970867156982,0.005456328392028809,0.00020712614059448242,0.0
50.0,0.0,0.0,0.0,0.0,0.0,0.0,0.0,0.0,0.00020706653594970703
