hf time,inp time 0.5,inp time 1.0,inp time 2.0,inp time 4.0,inp time 7.0,inp time 10.0,inp time 15.0,inp time 20.0,inp time 50.0
0.5,0.2554384171962738,0.256318598985672,0.06894117593765259,0.1098099946975708,0.0,0.0011586546897888184,0,0,0
1.0,0.0,0.11843645572662354,0.07254219055175781,0.01820242404937744,0.00019490718841552734,0.004961192607879639,0,0,0
2.0,0.0,0.0,0.031249642372131348,0.047731995582580566,0.004727542400360107,0.0,0,0,0
4.0,0.0,0.0,0.0,0.0071035027503967285,0.003183305263519287,5.960464477539063e-08,0,0,0
7.0,0.0,0.0,0.0,0.0,0.0,0.0,0,0,0
50.0,0.0,0.0,0.0,0.0,0.0,0.0,0,0,0
