hf time,inp time 0.5,inp time 1.0,inp time 2.0,inp time 4.0,inp time 7.0,inp time 10.0,inp time 15.0,inp time 20.0,inp time 50.0
0.5,0,0.050598837435245514,0.6206875666975975,0.1203618049621582,0,0,0,0,0
1.0,0,0.0,0.054493069648742676,0.14560186862945557,0,0,0,0,0
2.0,0,0.0,0.0,0.008256733417510986,0,0,0,0,0
4.0,0,0.0,0.0,0.0,0,0,0,0,0
7.0,0,0.0,0.0,0.0,0,0,0,0,0
50.0,0,0.0,0.0,0.0,0,0,0,0,0
