hf time,inp time 0.5,inp time 1.0,inp time 2.0,inp time 4.0,inp time 7.0,inp time 10.0,inp time 15.0,inp time 20.0,inp time 50.0
0.5,0.2422165870666504,0.13520115613937378,0.2194879651069641,0.07377713918685913,0,0,0,0,0
1.0,0.0,0.09773051738739014,0.10937261581420898,0.07291167974472046,0,0,0,0,0
2.0,0.0,0.0,0.01923835277557373,0.030063986778259277,0,0,0,0,0
4.0,0.0,0.0,0.0,0.0,0,0,0,0,0
7.0,0.0,0.0,0.0,0.0,0,0,0,0,0
50.0,0.0,0.0,0.0,0.0,0,0,0,0,0
