hf time,inp time 0.5,inp time 1.0,inp time 2.0,inp time 4.0,inp time 7.0,inp time 10.0,inp time 15.0,inp time 20.0,inp time 50.0
0.5,0.3575810492038727,0.0035993754863739014,0.10714662075042725,0.36858272552490234,0.0,0,0,0,0
1.0,0.0,0.07145461440086365,0.021566957235336304,0.02895146608352661,0.0023099780082702637,0,0,0,0
2.0,0.0,0.0,0.02648746967315674,0.004773974418640137,0.007545769214630127,0,0,0,0
4.0,0.0,0.0,0.0,0.0,0.0,0,0,0,0
7.0,0.0,0.0,0.0,0.0,0.0,0,0,0,0
50.0,0.0,0.0,0.0,0.0,0.0,0,0,0,0
