hf time,inp time 0.5,inp time 1.0,inp time 2.0,inp time 4.0,inp time 7.0,inp time 10.0,inp time 15.0,inp time 20.0,inp time 50.0
0.5,0.15455538034439087,0.012905076146125793,0.021152079105377197,0.03825704753398895,0.01742115616798401,0.11468377709388733,0.0,0,0
1.0,0.0,0.007788851857185364,0.015043199062347412,0.05313922464847565,0.03791925311088562,0.06127578020095825,7.31348991394043e-05,0,0
2.0,0.0,0.0,0.020617544651031494,0.08977603912353516,0.1698831021785736,0.048457831144332886,0.0040950775146484375,0,0
4.0,0.0,0.0,0.0,0.016483962535858154,0.059583187103271484,0.05467480421066284,0.001603543758392334,0,0
7.0,0.0,0.0,0.0,0.0,0.0,0.0,0.0006109476089477539,0,0
50.0,0.0,0.0,0.0,0.0,0.0,0.0,0.0,0,0
