hf time,inp time 0.5,inp time 1.0,inp time 2.0,inp time 4.0,inp time 7.0,inp time 10.0,inp time 15.0,inp time 20.0,inp time 50.0
0.5,0.1827368587255478,0.05123165249824524,0.1533856838941574,0.17758959531784058,0.03284364938735962,0,0,0,0
1.0,0.0,0.03175453841686249,0.06450383365154266,0.11162099242210388,0.04029875993728638,0,0,0,0
2.0,0.0,0.0,0.038863569498062134,0.07601204514503479,0.028954148292541504,0,0,0,0
4.0,0.0,0.0,0.0,0.0011711716651916504,0.009033501148223877,0,0,0,0
7.0,0.0,0.0,0.0,0.0,0.0,0,0,0,0
50.0,0.0,0.0,0.0,0.0,0.0,0,0,0,0
