hf time,inp time 0.5,inp time 1.0,inp time 2.0,inp time 4.0,inp time 7.0,inp time 10.0,inp time 15.0,inp time 20.0,inp time 50.0
0.5,0.6943556070327759,0.2613930106163025,0,0,0,0,0,0,0
1.0,0.0,0.04425150156021118,0,0,0,0,0,0,0
2.0,0.0,0.0,0,0,0,0,0,0,0
4.0,0.0,0.0,0,0,0,0,0,0,0
7.0,0.0,0.0,0,0,0,0,0,0,0
50.0,0.0,0.0,0,0,0,0,0,0,0
