hf time,inp time 0.5,inp time 1.0,inp time 2.0,inp time 4.0,inp time 7.0,inp time 10.0,inp time 15.0,inp time 20.0,inp time 50.0
0.5,0.4276430606842041,0.09368866682052612,0.11435127258300781,0.05861181020736694,0,0,0,0,0
1.0,0.0,0.1166759729385376,0.1234976053237915,0.03410905599594116,0,0,0,0,0
2.0,0.0,0.0,0.022287428379058838,0.009135127067565918,0,0,0,0,0
4.0,0.0,0.0,0.0,0.0,0,0,0,0,0
7.0,0.0,0.0,0.0,0.0,0,0,0,0,0
50.0,0.0,0.0,0.0,0.0,0,0,0,0,0
