hf time,inp time 0.5,inp time 1.0,inp time 2.0,inp time 4.0,inp time 7.0,inp time 10.0,inp time 15.0,inp time 20.0,inp time 50.0
0.5,0.11543009430170059,0.021938808262348175,0.013760745525360107,0.16303648054599762,0.07931295037269592,0,0,0,0
1.0,0.0,0.024917766451835632,0.04164604842662811,0.14137956500053406,0.11127415299415588,0,0,0,0
2.0,0.0,0.0,0.034264370799064636,0.0973937064409256,0.13788074254989624,0,0,0,0
4.0,0.0,0.0,0.0,0.0,0.01776444911956787,0,0,0,0
7.0,0.0,0.0,0.0,0.0,0.0,0,0,0,0
50.0,0.0,0.0,0.0,0.0,0.0,0,0,0,0
