hf time,inp time 0.5,inp time 1.0,inp time 2.0,inp time 4.0,inp time 7.0,inp time 10.0,inp time 15.0,inp time 20.0,inp time 50.0
0.5,0.12292596697807312,0.010742217302322388,0.026255503296852112,0.11919169127941132,0.24068409204483032,0.003542006015777588,0,0,0
1.0,0.0,0.02792981266975403,0.04707358777523041,0.07909221947193146,0.0963316261768341,0.01875537633895874,0,0,0
2.0,0.0,0.0,0.06208506226539612,0.05643355846405029,0.044768959283828735,0.041749536991119385,0,0,0
4.0,0.0,0.0,0.0,0.0,0.0,0.002438783645629883,0,0,0
7.0,0.0,0.0,0.0,0.0,0.0,0.0,0,0,0
50.0,0.0,0.0,0.0,0.0,0.0,0.0,0,0,0
