hf time,inp time 0.5,inp time 1.0,inp time 2.0,inp time 4.0,inp time 7.0,inp time 10.0,inp time 15.0,inp time 20.0,inp time 50.0
0.5,0,0.000689486158080399,0.0,0.1574642116902396,0.2471960335969925,0,0,0,0
1.0,0,0.0005745716625824571,0.018553691217675805,0.13436232518870384,0.26748163998126984,0,0,0,0
2.0,0,0.0,0.032010527327656746,0.07954603247344494,0.062121421098709106,0,0,0,0
4.0,0,0.0,0.0,0.0,0.0,0,0,0,0
7.0,0,0.0,0.0,0.0,0.0,0,0,0,0
50.0,0,0.0,0.0,0.0,0.0,0,0,0,0
