hf time,inp time 0.5,inp time 1.0,inp time 2.0,inp time 4.0,inp time 7.0,inp time 10.0,inp time 15.0,inp time 20.0,inp time 50.0
0.5,0.14515328407287598,0.11454060673713684,0.24654093384742737,0.1949949860572815,0.0,0,0,0,0
1.0,0.0,0.04766923189163208,0.11142992973327637,0.10572975873947144,0.0,0,0,0,0
2.0,0.0,0.0,0.0001494288444519043,0.019093334674835205,0.005927145481109619,0,0,0,0
4.0,0.0,0.0,0.0,0.0005158782005310059,0.008255600929260254,0,0,0,0
7.0,0.0,0.0,0.0,0.0,0.0,0,0,0,0
50.0,0.0,0.0,0.0,0.0,0.0,0,0,0,0
