hf time,inp time 0.5,inp time 1.0,inp time 2.0,inp time 4.0,inp time 7.0,inp time 10.0,inp time 15.0,inp time 20.0,inp time 50.0
0.5,0,0.0,0.002888802904635668,0.0022046128287911415,0.017256794963032007,0.0676986314356327,0.11833701282739639,0.0,0
1.0,0,0.004960059653967619,0.002708333544433117,0.0017649363726377487,0.02242623595520854,0.030708957463502884,0.06552042812108994,7.671117782592773e-05,0
2.0,0,0.0,0.008294767700135708,0.023050851188600063,0.06930463947355747,0.0834217295050621,0.11574393510818481,0.0038820505142211914,0
4.0,0,0.0,0.0,0.022693905979394913,0.07525471970438957,0.037562087178230286,0.15119275450706482,0.0005320906639099121,0
7.0,0,0.0,0.0,0.0,0.0,0.0,0.07076644897460938,0.0017484426498413086,0
50.0,0,0.0,0.0,0.0,0.0,0.0,0.0,0.0,0
