hf time,inp time 0.5,inp time 1.0,inp time 2.0,inp time 4.0,inp time 7.0,inp time 10.0,inp time 15.0,inp time 20.0,inp time 50.0
0.5,0,0,0,0.06052979826927185,0.5975500643253326,0,0,0,0
1.0,0,0,0,0.05260886996984482,0.22359255701303482,0,0,0,0
2.0,0,0,0,0.03031531721353531,0.03540339320898056,0,0,0,0
4.0,0,0,0,0.0,0.0,0,0,0,0
7.0,0,0,0,0.0,0.0,0,0,0,0
50.0,0,0,0,0.0,0.0,0,0,0,0
