hf time,inp time 0.5,inp time 1.0,inp time 2.0,inp time 4.0,inp time 7.0,inp time 10.0,inp time 15.0,inp time 20.0,inp time 50.0
0.5,0.4125290513038635,0.04433417320251465,0.05161488056182861,0.4460175633430481,0,0,0,0,0
1.0,0.0,0.021192044019699097,0.023792296648025513,0.00012999773025512695,0,0,0,0,0
2.0,0.0,0.0,0.0,0.00039011240005493164,0,0,0,0,0
4.0,0.0,0.0,0.0,0.0,0,0,0,0,0
7.0,0.0,0.0,0.0,0.0,0,0,0,0,0
50.0,0.0,0.0,0.0,0.0,0,0,0,0,0
