hf time,inp time 0.5,inp time 1.0,inp time 2.0,inp time 4.0,inp time 7.0,inp time 10.0,inp time 15.0,inp time 20.0,inp time 50.0
0.5,0,0.0035844179801642895,0.08978933515027165,0.5412195548415184,0.09297651052474976,0,0,0,0
1.0,0,0.0,0.02993074804544449,0.19829335063695908,0.01993352174758911,0,0,0,0
2.0,0,0.0,0.0,0.024272441864013672,5.960464477539063e-08,0,0,0,0
4.0,0,0.0,0.0,0.0,0.0,0,0,0,0
7.0,0,0.0,0.0,0.0,0.0,0,0,0,0
50.0,0,0.0,0.0,0.0,0.0,0,0,0,0
