hf time,inp time 0.5,inp time 1.0,inp time 2.0,inp time 4.0,inp time 7.0,inp time 10.0,inp time 15.0,inp time 20.0,inp time 50.0
0.5,0.751760721206665,0.10812735557556152,0.000429689884185791,0.0,0.0017671585083007812,0,0,0,0
1.0,0.0,0.00011479854583740234,0.005821645259857178,0.016080379486083984,0.026189863681793213,0,0,0,0
2.0,0.0,0.0,0.027075767517089844,0.0018996000289916992,0.04627645015716553,0,0,0,0
4.0,0.0,0.0,0.0,0.0,0.014456570148468018,0,0,0,0
7.0,0.0,0.0,0.0,0.0,0.0,0,0,0,0
50.0,0.0,0.0,0.0,0.0,0.0,0,0,0,0
