hf time,inp time 0.5,inp time 1.0,inp time 2.0,inp time 4.0,inp time 7.0,inp time 10.0,inp time 15.0,inp time 20.0,inp time 50.0
0.5,0.011887196451425552,0.14162537083029747,0.19012778997421265,0.21330586075782776,0.10632205009460449,0,0,0,0
1.0,0.0,0.0023701339960098267,0.05467464029788971,0.13905075192451477,0.059224843978881836,0,0,0,0
2.0,0.0,0.0,3.641843795776367e-05,0.06741368770599365,0.012144029140472412,0,0,0,0
4.0,0.0,0.0,0.0,0.0,0.0018172264099121094,0,0,0,0
7.0,0.0,0.0,0.0,0.0,0.0,0,0,0,0
50.0,0.0,0.0,0.0,0.0,0.0,0,0,0,0
