hf time,inp time 0.5,inp time 1.0,inp time 2.0,inp time 4.0,inp time 7.0,inp time 10.0,inp time 15.0,inp time 20.0,inp time 50.0
0.5,0.017501868307590485,0.03152840957045555,0.35568713769316673,0.10184594988822937,0.26056551933288574,0,0,0,0
1.0,0.0,0.0,0.09304097294807434,0.044815629720687866,0.03143829107284546,0,0,0,0
2.0,0.0,0.0,0.007119596004486084,0.04828864336013794,0.00816798210144043,0,0,0,0
4.0,0.0,0.0,0.0,0.0,0.0,0,0,0,0
7.0,0.0,0.0,0.0,0.0,0.0,0,0,0,0
50.0,0.0,0.0,0.0,0.0,0.0,0,0,0,0
