hf time,inp time 0.5,inp time 1.0,inp time 2.0,inp time 4.0,inp time 7.0,inp time 10.0,inp time 15.0,inp time 20.0,inp time 50.0
0.5,0.24425829946994781,0.2477998584508896,0.07304507493972778,0.0608709454536438,0.07420390844345093,0.0,0,0,0
1.0,0.0,0.04781132936477661,0.03519439697265625,0.03596913814544678,0.04517608880996704,0.0,0,0,0
2.0,0.0,0.0,0.012727618217468262,0.05443483591079712,0.01574993133544922,0.004869639873504639,0,0,0
4.0,0.0,0.0,0.0,0.0044176578521728516,0.042555272579193115,0.00011068582534790039,0,0,0
7.0,0.0,0.0,0.0,0.0,0.000805199146270752,0.0,0,0,0
50.0,0.0,0.0,0.0,0.0,0.0,0.0,0,0,0
