hf time,inp time 0.5,inp time 1.0,inp time 2.0,inp time 4.0,inp time 7.0,inp time 10.0,inp time 15.0,inp time 20.0,inp time 50.0
0.5,0.00045415895874612033,0.011670900072203949,0.3548736134544015,0.5877318382263184,0,0,0,0,0
1.0,0.0,0.002146325074136257,0.00604716781526804,0.022718608379364014,0,0,0,0,0
2.0,0.0,0.0,0.010320812463760376,0.004036694765090942,0,0,0,0,0
4.0,0.0,0.0,0.0,0.0,0,0,0,0,0
7.0,0.0,0.0,0.0,0.0,0,0,0,0,0
50.0,0.0,0.0,0.0,0.0,0,0,0,0,0
