hf time,inp time 0.5,inp time 1.0,inp time 2.0,inp time 4.0,inp time 7.0,inp time 10.0,inp time 15.0,inp time 20.0,inp time 50.0
0.5,0.10297932475805283,0.06637433916330338,0.13306599855422974,0.28577518463134766,0.053305745124816895,0,0,0,0
1.0,0.0,0.015006020665168762,0.06038542091846466,0.14613208174705505,0.046038269996643066,0,0,0,0
2.0,0.0,0.0,0.0008898675441741943,0.030262857675552368,0.059784770011901855,0,0,0,0
4.0,0.0,0.0,0.0,0.0,0.0,0,0,0,0
7.0,0.0,0.0,0.0,0.0,0.0,0,0,0,0
50.0,0.0,0.0,0.0,0.0,0.0,0,0,0,0
