hf time,inp time 0.5,inp time 1.0,inp time 2.0,inp time 4.0,inp time 7.0,inp time 10.0,inp time 15.0,inp time 20.0,inp time 50.0
0.5,0.0677606537938118,0.05004271864891052,0.0,0.047094814479351044,0.012796863913536072,0.02580462396144867,0.029593124985694885,0.022725984454154968,0.0
1.0,0.0,0.009143508970737457,0.012937501072883606,0.01248224824666977,0.012590274214744568,0.012835025787353516,0.024688825011253357,0.006601586937904358,0.0
2.0,0.0,0.0,0.017452359199523926,0.03532205522060394,0.030675232410430908,0.053802743554115295,0.04676133394241333,0.02238452434539795,0.002124607563018799
4.0,0.0,0.0,0.0,0.010357558727264404,0.03544861078262329,0.01097935438156128,0.1364017128944397,0.05140930414199829,0.036953508853912354
7.0,0.0,0.0,0.0,0.0,0.0018933117389678955,0.0033835172653198242,0.0013538897037506104,0.02352273464202881,0.09348392486572266
50.0,0.0,0.0,0.0,0.0,0.0,0.0,0.0,0.027620255947113037,0.01157158613204956
