hf time,inp time 0.5,inp time 1.0,inp time 2.0,inp time 4.0,inp time 7.0,inp time 10.0,inp time 15.0,inp time 20.0,inp time 50.0
0.5,0.056262798607349396,0.00984281301498413,0.11998709291219711,0.11008879542350769,0.07150325179100037,0.048645466566085815,0.0,0,0
1.0,0.0,0.012573406100273132,0.043744951486587524,0.09723226726055145,0.0763002336025238,0.040503233671188354,0.0,0,0
2.0,0.0,0.0,0.03714229166507721,0.07040481269359589,0.05636411905288696,0.07832497358322144,0.0005398392677307129,0,0
4.0,0.0,0.0,0.0,0.002063751220703125,0.003544628620147705,0.06328034400939941,0.0016509294509887695,0,0
7.0,0.0,0.0,0.0,0.0,0.0,0.0,0.0,0,0
50.0,0.0,0.0,0.0,0.0,0.0,0.0,0.0,0,0
