hf time,inp time 0.5,inp time 1.0,inp time 2.0,inp time 4.0,inp time 7.0,inp time 10.0,inp time 15.0,inp time 20.0,inp time 50.0
0.5,0,0.15127505362033844,0.3648160547018051,0.3120313286781311,0.0,0,0,0,0
1.0,0,0.06695407629013062,0.02840477228164673,0.05926549434661865,0.002093493938446045,0,0,0,0
2.0,0,0.0,0.0,0.015039622783660889,0.00012022256851196289,0,0,0,0
4.0,0,0.0,0.0,0.0,0.0,0,0,0,0
7.0,0,0.0,0.0,0.0,0.0,0,0,0,0
50.0,0,0.0,0.0,0.0,0.0,0,0,0,0
