hf time,inp time 0.5,inp time 1.0,inp time 2.0,inp time 4.0,inp time 7.0,inp time 10.0,inp time 15.0,inp time 20.0,inp time 50.0
0.5,0.04515022411942482,0.07108033075928688,0.05559494346380234,0.31981801986694336,0.21250364184379578,0.002388298511505127,0,0,0
1.0,0.0,0.009098269045352936,0.09905659407377243,0.07932943105697632,0.007025808095932007,0.0,0,0,0
2.0,0.0,0.0,0.03173023462295532,0.027628600597381592,0.03925442695617676,0.0,0,0,0
4.0,0.0,0.0,0.0,0.0,0.00034117698669433594,0.0,0,0,0
7.0,0.0,0.0,0.0,0.0,0.0,0.0,0,0,0
50.0,0.0,0.0,0.0,0.0,0.0,0.0,0,0,0
