hf time,inp time 0.5,inp time 1.0,inp time 2.0,inp time 4.0,inp time 7.0,inp time 10.0,inp time 15.0,inp time 20.0,inp time 50.0
0.5,0.1098322719335556,0.0,0.07072685658931732,0.10910990834236145,0.38526588678359985,0.0009685158729553223,0,0,0
1.0,0.0,0.07180100679397583,0.005359232425689697,0.026725798845291138,0.06618306040763855,0.007296383380889893,0,0,0
2.0,0.0,0.0,0.007689476013183594,0.01697900891304016,0.055865854024887085,0.02551800012588501,0,0,0
4.0,0.0,0.0,0.0,0.01149335503578186,0.003163844347000122,0.02602142095565796,0,0,0
7.0,0.0,0.0,0.0,0.0,0.0,0.0,0,0,0
50.0,0.0,0.0,0.0,0.0,0.0,0.0,0,0,0
