hf time,inp time 0.5,inp time 1.0,inp time 2.0,inp time 4.0,inp time 7.0,inp time 10.0,inp time 15.0,inp time 20.0,inp time 50.0
0.5,0,0,0.021597275510430336,0.4010853972285986,0.09474101662635803,0,0,0,0
1.0,0,0,0.04705778323113918,0.2883192840963602,0.10534587502479553,0,0,0,0
2.0,0,0,0.005813233554363251,0.028852172195911407,0.007187962532043457,0,0,0,0
4.0,0,0,0.0,0.0,0.0,0,0,0,0
7.0,0,0,0.0,0.0,0.0,0,0,0,0
50.0,0,0,0.0,0.0,0.0,0,0,0,0
