hf time,inp time 0.5,inp time 1.0,inp time 2.0,inp time 4.0,inp time 7.0,inp time 10.0,inp time 15.0,inp time 20.0,inp time 50.0
0.5,0.04093354567885399,0.013502027839422226,0,0.005416996777057648,0.3187390863895416,0.0,0.0,0.00012931227684020996,0.06754928827285767
1.0,0.0,0.0,0,0.10125082731246948,0.10679280757904053,0.0,0.0,0.00024083256721496582,0.02924215793609619
2.0,0.0,0.0,0,0.014009222388267517,0.012255921959877014,0.0,0.0,0.0003018379211425781,0.028785109519958496
4.0,0.0,0.0,0,0.0005848556756973267,0.00012783706188201904,0.0,0.0,0.002800881862640381,0.1668170690536499
7.0,0.0,0.0,0,0.0,0.0,0.0023393630981445312,0.0009855031967163086,0.0186002254486084,0.060973525047302246
50.0,0.0,0.0,0,0.0,0.0,0.0,0.0011696815490722656,0.0035277605056762695,0.002924323081970215
