hf time,inp time 0.5,inp time 1.0,inp time 2.0,inp time 4.0,inp time 7.0,inp time 10.0,inp time 15.0,inp time 20.0,inp time 50.0
0.5,0,0,0.015096079558134079,0.3745162673294544,0.350270539522171,0.005886733531951904,0,0,0
1.0,0,0,0.0,0.05566242337226868,0.1636299192905426,0.0010300874710083008,0,0,0
2.0,0,0,0.0,0.018940508365631104,0.014918208122253418,1.1920928955078125e-07,0,0,0
4.0,0,0,0.0,0.0,4.8995018005371094e-05,0.0,0,0,0
7.0,0,0,0.0,0.0,0.0,0.0,0,0,0
50.0,0,0,0.0,0.0,0.0,0.0,0,0,0
