hf time,inp time 0.5,inp time 1.0,inp time 2.0,inp time 4.0,inp time 7.0,inp time 10.0,inp time 15.0,inp time 20.0,inp time 50.0
0.5,0.16911257803440094,0.03792288899421692,0.4731644541025162,0.2073255181312561,0,0,0,0,0
1.0,0.0,0.03013397753238678,0.05026261508464813,0.031914591789245605,0,0,0,0,0
2.0,0.0,0.0,0.0,0.00016349554061889648,0,0,0,0,0
4.0,0.0,0.0,0.0,0.0,0,0,0,0,0
7.0,0.0,0.0,0.0,0.0,0,0,0,0,0
50.0,0.0,0.0,0.0,0.0,0,0,0,0,0
