hf time,inp time 0.5,inp time 1.0,inp time 2.0,inp time 4.0,inp time 7.0,inp time 10.0,inp time 15.0,inp time 20.0,inp time 50.0
0.5,0.2028656154870987,0.12010122835636139,0.039856910705566406,0.2102336585521698,0.11874747276306152,0,0,0,0
1.0,0.0,0.0761326253414154,0.012401372194290161,0.13223350048065186,0.06244605779647827,0,0,0,0
2.0,0.0,0.0,0.0,0.013064563274383545,0.01191699504852295,0,0,0,0
4.0,0.0,0.0,0.0,0.0,0.0,0,0,0,0
7.0,0.0,0.0,0.0,0.0,0.0,0,0,0,0
50.0,0.0,0.0,0.0,0.0,0.0,0,0,0,0
