hf time,inp time 0.5,inp time 1.0,inp time 2.0,inp time 4.0,inp time 7.0,inp time 10.0,inp time 15.0,inp time 20.0,inp time 50.0
0.5,0.29529979825019836,0.08273044228553772,0.11966881155967712,0.08742174506187439,0.0,0,0,0,0
1.0,0.0,0.06430095434188843,0.07457700371742249,0.09346023201942444,0.0,0,0,0,0
2.0,0.0,0.0,0.05268597602844238,0.1213114857673645,0.008543550968170166,0,0,0,0
4.0,0.0,0.0,0.0,0.0,0.0,0,0,0,0
7.0,0.0,0.0,0.0,0.0,0.0,0,0,0,0
50.0,0.0,0.0,0.0,0.0,0.0,0,0,0,0
