hf time,inp time 0.5,inp time 1.0,inp time 2.0,inp time 4.0,inp time 7.0,inp time 10.0,inp time 15.0,inp time 20.0,inp time 50.0
0.5,0.0647100955247879,0.008717529475688934,0.08064713329076767,0.1869487464427948,0.07877844572067261,0,0,0,0
1.0,0.0,0.023695796728134155,0.04760278761386871,0.26180244982242584,0.046813130378723145,0,0,0,0
2.0,0.0,0.0,0.02358005940914154,0.15954197943210602,0.01377570629119873,0,0,0,0
4.0,0.0,0.0,0.0,0.0022559762001037598,0.0011301636695861816,0,0,0,0
7.0,0.0,0.0,0.0,0.0,0.0,0,0,0,0
50.0,0.0,0.0,0.0,0.0,0.0,0,0,0,0
