hf time,inp time 0.5,inp time 1.0,inp time 2.0,inp time 4.0,inp time 7.0,inp time 10.0,inp time 15.0,inp time 20.0,inp time 50.0
0.5,0.38855698704719543,0.03615051507949829,0.0017789900302886963,0.010399222373962402,0.18576443195343018,0.012239694595336914,0,0,0
1.0,0.0,0.10550066828727722,0.00687214732170105,0.014292240142822266,0.01539599895477295,0.03230583667755127,0,0,0
2.0,0.0,0.0,0.00442659854888916,0.017952322959899902,0.033058762550354004,0.005918622016906738,0,0,0
4.0,0.0,0.0,0.0,0.011312425136566162,0.05761587619781494,0.055786192417144775,0,0,0
7.0,0.0,0.0,0.0,0.0,0.003934800624847412,0.0007377862930297852,0,0,0
50.0,0.0,0.0,0.0,0.0,0.0,0.0,0,0,0
