hf time,inp time 0.5,inp time 1.0,inp time 2.0,inp time 4.0,inp time 7.0,inp time 10.0,inp time 15.0,inp time 20.0,inp time 50.0
0.5,0.3757789134979248,0.23582613468170166,0.3817833662033081,0.0,0,0,0,0,0
1.0,0.0,0.002789020538330078,0.0021413564682006836,0.0005393028259277344,0,0,0,0,0
2.0,0.0,0.0,0.0005726218223571777,0.0005692839622497559,0,0,0,0,0
4.0,0.0,0.0,0.0,0.0,0,0,0,0,0
7.0,0.0,0.0,0.0,0.0,0,0,0,0,0
50.0,0.0,0.0,0.0,0.0,0,0,0,0,0
