hf time,inp time 0.5,inp time 1.0,inp time 2.0,inp time 4.0,inp time 7.0,inp time 10.0,inp time 15.0,inp time 20.0,inp time 50.0
0.5,0.052456144243478775,0.003776267170906067,0.045281898230314255,0.27476346492767334,0.057085007429122925,0,0,0,0
1.0,0.0,0.02845538780093193,0.03996613994240761,0.24834661185741425,0.0935840904712677,0,0,0,0
2.0,0.0,0.0,0.023292362689971924,0.1114158034324646,0.01993584632873535,0,0,0,0
4.0,0.0,0.0,0.0,0.0010545849800109863,0.000586390495300293,0,0,0,0
7.0,0.0,0.0,0.0,0.0,0.0,0,0,0,0
50.0,0.0,0.0,0.0,0.0,0.0,0,0,0,0
