hf time,inp time 0.5,inp time 1.0,inp time 2.0,inp time 4.0,inp time 7.0,inp time 10.0,inp time 15.0,inp time 20.0,inp time 50.0
0.5,0.031189749017357826,0.006215615198016167,0.061048462986946106,0.2063065692782402,0.10135900974273682,0.042429983615875244,0,0,0
1.0,0.0,0.014403857290744781,0.029124557971954346,0.09917142242193222,0.13043147325515747,0.017046332359313965,0,0,0
2.0,0.0,0.0,0.028993815183639526,0.07268992066383362,0.11282551288604736,0.02417159080505371,0,0,0
4.0,0.0,0.0,0.0,0.003014802932739258,0.013808369636535645,0.005768954753875732,0,0,0
7.0,0.0,0.0,0.0,0.0,0.0,0.0,0,0,0
50.0,0.0,0.0,0.0,0.0,0.0,0.0,0,0,0
