hf time,inp time 0.5,inp time 1.0,inp time 2.0,inp time 4.0,inp time 7.0,inp time 10.0,inp time 15.0,inp time 20.0,inp time 50.0
0.5,0.22692011296749115,0.011854052543640137,0.06499253213405609,0.2172522246837616,0.1041860580444336,0.009525597095489502,0,0,0
1.0,0.0,0.027200743556022644,0.06922601163387299,0.11691471934318542,0.05216175317764282,0.006692945957183838,0,0,0
2.0,0.0,0.0,0.024674147367477417,0.05618360638618469,0.00942617654800415,0.0027892589569091797,0,0,0
4.0,0.0,0.0,0.0,0.0,0.0,0.0,0,0,0
7.0,0.0,0.0,0.0,0.0,0.0,0.0,0,0,0
50.0,0.0,0.0,0.0,0.0,0.0,0.0,0,0,0
