hf time,inp time 0.5,inp time 1.0,inp time 2.0,inp time 4.0,inp time 7.0,inp time 10.0,inp time 15.0,inp time 20.0,inp time 50.0
0.5,0.07886505872011185,0.0,0.04786353558301926,0.1501777172088623,0.16168051958084106,0.00016063451766967773,0.0011541247367858887,0,0
1.0,0.0,0.020204275846481323,0.013291507959365845,0.14025011658668518,0.08644428849220276,0.004279911518096924,0.0,0,0
2.0,0.0,0.0,0.03317815065383911,0.08417561650276184,0.12264218926429749,0.04940056800842285,5.960464477539063e-08,0,0
4.0,0.0,0.0,0.0,0.0035011768341064453,0.0007227063179016113,0.0020078420639038086,0.0,0,0
7.0,0.0,0.0,0.0,0.0,0.0,0.0,0.0,0,0
50.0,0.0,0.0,0.0,0.0,0.0,0.0,0.0,0,0
