hf time,inp time 0.5,inp time 1.0,inp time 2.0,inp time 4.0,inp time 7.0,inp time 10.0,inp time 15.0,inp time 20.0,inp time 50.0
0.5,0.0003315986250527203,0.03742327232612297,0.32100608199834824,0.1512165069580078,0.20603221654891968,0,0,0,0
1.0,0.0,0.0018001049757003784,0.05193124711513519,0.21020057797431946,0.005491495132446289,0,0,0,0
2.0,0.0,0.0,0.0,0.014566779136657715,1.1920928955078125e-07,0,0,0,0
4.0,0.0,0.0,0.0,0.0,0.0,0,0,0,0
7.0,0.0,0.0,0.0,0.0,0.0,0,0,0,0
50.0,0.0,0.0,0.0,0.0,0.0,0,0,0,0
