hf time,inp time 0.5,inp time 1.0,inp time 2.0,inp time 4.0,inp time 7.0,inp time 10.0,inp time 15.0,inp time 20.0,inp time 50.0
0.5,0.33224427700042725,0.4367416501045227,0.009808659553527832,0.05560624599456787,0,0,0,0,0
1.0,0.0,0.03151893615722656,0.12763363122940063,0.005723297595977783,0,0,0,0,0
2.0,0.0,0.0,0.0007231831550598145,0.0,0,0,0,0,0
4.0,0.0,0.0,0.0,0.0,0,0,0,0,0
7.0,0.0,0.0,0.0,0.0,0,0,0,0,0
50.0,0.0,0.0,0.0,0.0,0,0,0,0,0
