hf time,inp time 0.5,inp time 1.0,inp time 2.0,inp time 4.0,inp time 7.0,inp time 10.0,inp time 15.0,inp time 20.0,inp time 50.0
0.5,0.32568901777267456,0.053162455558776855,0.32050538063049316,0.054097533226013184,0,0,0,0,0
1.0,0.0,0.10332968831062317,0.030999988317489624,0.01324838399887085,0,0,0,0,0
2.0,0.0,0.0,0.053361475467681885,0.04560607671737671,0,0,0,0,0
4.0,0.0,0.0,0.0,0.0,0,0,0,0,0
7.0,0.0,0.0,0.0,0.0,0,0,0,0,0
50.0,0.0,0.0,0.0,0.0,0,0,0,0,0
