hf time,inp time 0.5,inp time 1.0,inp time 2.0,inp time 4.0,inp time 7.0,inp time 10.0,inp time 15.0,inp time 20.0,inp time 50.0
0.5,0,0,0,0.0018328084843233228,0.06166836328338832,0.30831218510866165,0.08449617028236389,0,0
1.0,0,0,0,0.010180267388932407,0.04644658893812448,0.13953149318695068,0.03320208191871643,0,0
2.0,0,0,0,0.00468292273581028,0.07406826131045818,0.11483939737081528,0.05370521545410156,0,0
4.0,0,0,0,0.0,0.0037874728441238403,0.03826044499874115,0.024986445903778076,0,0
7.0,0,0,0,0.0,0.0,0.0,0.0,0,0
50.0,0,0,0,0.0,0.0,0.0,0.0,0,0
