hf time,inp time 0.5,inp time 1.0,inp time 2.0,inp time 4.0,inp time 7.0,inp time 10.0,inp time 15.0,inp time 20.0,inp time 50.0
0.5,0.24037662148475647,0.24677780270576477,0.01945805549621582,0.10765165090560913,0.0465274453163147,0.0031930208206176758,0.0,0,0
1.0,0.0,0.06254422664642334,0.0036491751670837402,0.09351104497909546,0.02371978759765625,0.0009123086929321289,0.0,0,0
2.0,0.0,0.0,0.03329896926879883,0.0494038462638855,0.01322847604751587,0.008987188339233398,0.0,0,0
4.0,0.0,0.0,0.0,0.0,0.03271007537841797,0.008666813373565674,0.0018246769905090332,0,0
7.0,0.0,0.0,0.0,0.0,0.0013533234596252441,0.0022052526473999023,0.0,0,0
50.0,0.0,0.0,0.0,0.0,0.0,0.0,0.0,0,0
