hf time,inp time 0.5,inp time 1.0,inp time 2.0,inp time 4.0,inp time 7.0,inp time 10.0,inp time 15.0,inp time 20.0,inp time 50.0
0.5,0.05876264348626137,0.07927053794264793,0.04472208023071289,0.10331976413726807,0.06934699416160583,0,0,0,0
1.0,0.0,0.04408150911331177,0.09468364715576172,0.13632753491401672,0.07455244660377502,0,0,0,0
2.0,0.0,0.0,0.06406182050704956,0.13589614629745483,0.07409662008285522,0,0,0,0
4.0,0.0,0.0,0.0,0.00977247953414917,0.011105775833129883,0,0,0,0
7.0,0.0,0.0,0.0,0.0,0.0,0,0,0,0
50.0,0.0,0.0,0.0,0.0,0.0,0,0,0,0
