hf time,inp time 0.5,inp time 1.0,inp time 2.0,inp time 4.0,inp time 7.0,inp time 10.0,inp time 15.0,inp time 20.0,inp time 50.0
0.5,0.017936458811163902,0.008397521451115608,0.009865052998065948,0.06799574196338654,0.09894897043704987,0.0,0,0,0
1.0,0.0,0.017284225672483444,0.01663197949528694,0.11989594995975494,0.11894403398036957,0.0020444393157958984,0,0,0
2.0,0.0,0.0,0.023561984300613403,0.2551082670688629,0.21322983503341675,0.0011880993843078613,0,0,0
4.0,0.0,0.0,0.0,0.014340639114379883,0.014626741409301758,5.960464477539063e-08,0,0,0
7.0,0.0,0.0,0.0,0.0,0.0,0.0,0,0,0
50.0,0.0,0.0,0.0,0.0,0.0,0.0,0,0,0
