hf time,inp time 0.5,inp time 1.0,inp time 2.0,inp time 4.0,inp time 7.0,inp time 10.0,inp time 15.0,inp time 20.0,inp time 50.0
0.5,0.11743589490652084,0.09919377416372299,0.09773112833499908,0.12801095843315125,0.08087721467018127,0,0,0,0
1.0,0.0,0.04466657340526581,0.05937056243419647,0.11264240741729736,0.1014118492603302,0,0,0,0
2.0,0.0,0.0,0.012045562267303467,0.06049603223800659,0.08611804246902466,0,0,0,0
4.0,0.0,0.0,0.0,0.0,0.0,0,0,0,0
7.0,0.0,0.0,0.0,0.0,0.0,0,0,0,0
50.0,0.0,0.0,0.0,0.0,0.0,0,0,0,0
