hf time,inp time 0.5,inp time 1.0,inp time 2.0,inp time 4.0,inp time 7.0,inp time 10.0,inp time 15.0,inp time 20.0,inp time 50.0
0.5,0.42879462242126465,0.19857221841812134,0.2808833122253418,0.0,0.02189040184020996,0,0,0,0
1.0,0.0,0.01857924461364746,0.014395415782928467,0.004504084587097168,0.002759277820587158,0,0,0,0
2.0,0.0,0.0,0.005854964256286621,0.01626652479171753,0.0,0,0,0,0
4.0,0.0,0.0,0.0,0.0074999332427978516,1.7881393432617188e-07,0,0,0,0
7.0,0.0,0.0,0.0,0.0,0.0,0,0,0,0
50.0,0.0,0.0,0.0,0.0,0.0,0,0,0,0
