hf time,inp time 0.5,inp time 1.0,inp time 2.0,inp time 4.0,inp time 7.0,inp time 10.0,inp time 15.0,inp time 20.0,inp time 50.0
0.5,0.49121856689453125,0.3196726441383362,0.019372224807739258,0.025097250938415527,0.004054367542266846,0.013410627841949463,0,0,0
1.0,0.0,0.03291529417037964,0.009668111801147461,0.0043662190437316895,0.000935673713684082,0.006237506866455078,0,0,0
2.0,0.0,0.0,0.04529440402984619,0.022766947746276855,0.0037425756454467773,5.960464477539063e-08,0,0,0
4.0,0.0,0.0,0.0,0.0,0.0012475252151489258,0.0,0,0,0
7.0,0.0,0.0,0.0,0.0,0.0,0.0,0,0,0
50.0,0.0,0.0,0.0,0.0,0.0,0.0,0,0,0
