hf time,inp time 0.5,inp time 1.0,inp time 2.0,inp time 4.0,inp time 7.0,inp time 10.0,inp time 15.0,inp time 20.0,inp time 50.0
0.5,0.26231443881988525,0.06933867931365967,0.2484322190284729,0.15919554233551025,0.07582730054855347,0.0,0,0,0
1.0,0.0,0.02200821042060852,0.050096601247787476,0.04966980218887329,0.02125018835067749,0.0011895298957824707,0,0,0
2.0,0.0,0.0,0.004333674907684326,0.005992293357849121,0.012351751327514648,0.0003399848937988281,0,0,0
4.0,0.0,0.0,0.0,0.0,0.016895055770874023,0.0007648468017578125,0,0,0
7.0,0.0,0.0,0.0,0.0,0.0,0.0,0,0,0
50.0,0.0,0.0,0.0,0.0,0.0,0.0,0,0,0
