hf time,inp time 0.5,inp time 1.0,inp time 2.0,inp time 4.0,inp time 7.0,inp time 10.0,inp time 15.0,inp time 20.0,inp time 50.0
0.5,0.11009977012872696,0.14861931651830673,0.33254265785217285,0.2208455204963684,0,0,0,0,0
1.0,0.0,0.019259780645370483,0.0859517753124237,0.05916184186935425,0,0,0,0,0
2.0,0.0,0.0,0.0018938779830932617,0.0216255784034729,0,0,0,0,0
4.0,0.0,0.0,0.0,0.0,0,0,0,0,0
7.0,0.0,0.0,0.0,0.0,0,0,0,0,0
50.0,0.0,0.0,0.0,0.0,0,0,0,0,0
