hf time,inp time 0.5,inp time 1.0,inp time 2.0,inp time 4.0,inp time 7.0,inp time 10.0,inp time 15.0,inp time 20.0,inp time 50.0
0.5,0.21235597133636475,0.028525635600090027,0.10844315588474274,0.35512226819992065,0.04370987415313721,0.0,0,0,0
1.0,0.0,0.029551103711128235,0.029255732893943787,0.056785523891448975,0.023376941680908203,0.0,0,0,0
2.0,0.0,0.0,0.02649390697479248,0.039329588413238525,0.029217839241027832,0.0008845329284667969,0,0,0
4.0,0.0,0.0,0.0,0.0048760175704956055,0.006024837493896484,0.006047070026397705,0,0,0
7.0,0.0,0.0,0.0,0.0,0.0,0.0,0,0,0
50.0,0.0,0.0,0.0,0.0,0.0,0.0,0,0,0
