hf time,inp time 0.5,inp time 1.0,inp time 2.0,inp time 4.0,inp time 7.0,inp time 10.0,inp time 15.0,inp time 20.0,inp time 50.0
0.5,0.060353513807058334,0.2524269260466099,0.35472118854522705,0.13622933626174927,0.0,0,0,0,0
1.0,0.0,0.014322102069854736,0.10563832521438599,0.06233006715774536,0.0,0,0,0,0
2.0,0.0,0.0,0.0,0.013572454452514648,0.00040608644485473633,0,0,0,0
4.0,0.0,0.0,0.0,0.0,0.0,0,0,0,0
7.0,0.0,0.0,0.0,0.0,0.0,0,0,0,0
50.0,0.0,0.0,0.0,0.0,0.0,0,0,0,0
