hf time,inp time 0.5,inp time 1.0,inp time 2.0,inp time 4.0,inp time 7.0,inp time 10.0,inp time 15.0,inp time 20.0,inp time 50.0
0.5,0,0,0,0.03744068369269371,0.678917083889246,0.0,0,0,0
1.0,0,0,0,0.003664035350084305,0.1782478503882885,0.0012732148170471191,0,0,0
2.0,0,0,0,0.016382671892642975,0.05859055370092392,0.01783287525177002,0,0,0
4.0,0,0,0,0.00011076778173446655,0.007540263235569,0.0,0,0,0
7.0,0,0,0,0.0,0.0,0.0,0,0,0
50.0,0,0,0,0.0,0.0,0.0,0,0,0
