hf time,inp time 0.5,inp time 1.0,inp time 2.0,inp time 4.0,inp time 7.0,inp time 10.0,inp time 15.0,inp time 20.0,inp time 50.0
0.5,0,0,0,0.1491934061050415,0.29870569705963135,0.11367219686508179,0,0,0
1.0,0,0,0,0.02006053924560547,0.2385132908821106,0.07125574350357056,0,0,0
2.0,0,0,0,0.013976499438285828,0.05905134975910187,0.035571396350860596,0,0,0
4.0,0,0,0,0.0,0.0,0.0,0,0,0
7.0,0,0,0,0.0,0.0,0.0,0,0,0
50.0,0,0,0,0.0,0.0,0.0,0,0,0
