hf time,inp time 0.5,inp time 1.0,inp time 2.0,inp time 4.0,inp time 7.0,inp time 10.0,inp time 15.0,inp time 20.0,inp time 50.0
0.5,0.1451992690563202,0.3804692327976227,0.3743067979812622,0.002684295177459717,0.0,0,0,0,0
1.0,0.0,0.021826088428497314,0.030330896377563477,0.004201233386993408,0.0,0,0,0,0
2.0,0.0,0.0,0.004701972007751465,0.03184431791305542,0.0,0,0,0,0
4.0,0.0,0.0,0.0,0.004269838333129883,0.00016605854034423828,0,0,0,0
7.0,0.0,0.0,0.0,0.0,0.0,0,0,0,0
50.0,0.0,0.0,0.0,0.0,0.0,0,0,0,0
