hf time,inp time 0.5,inp time 1.0,inp time 2.0,inp time 4.0,inp time 7.0,inp time 10.0,inp time 15.0,inp time 20.0,inp time 50.0
0.5,0.0010977039346471429,0.011917927651666105,0.008075961843132973,0.06060892529785633,0.031114302575588226,0.02923237532377243,0.050494372844696045,0.023914247751235962,0.0007840842008590698
1.0,0.0,0.002979481592774391,0.011369075626134872,0.042112210765480995,0.0314970538020134,0.013956509530544281,0.04061506688594818,0.01293724775314331,0.0
2.0,0.0,0.0,0.021875672042369843,0.059416212141513824,0.07610732316970825,0.07821549475193024,0.11101128160953522,0.028148263692855835,0.006821423768997192
4.0,0.0,0.0,0.0,0.014113321900367737,0.030198022723197937,0.055799007415771484,0.06741535663604736,0.05010223388671875,0.005096495151519775
7.0,0.0,0.0,0.0,0.0,0.0,0.0,0.011917948722839355,0.011055409908294678,0.0
50.0,0.0,0.0,0.0,0.0,0.0,0.0,0.0,0.0,0.0
