hf time,inp time 0.5,inp time 1.0,inp time 2.0,inp time 4.0,inp time 7.0,inp time 10.0,inp time 15.0,inp time 20.0,inp time 50.0
0.5,0.019124837592244148,0.0,0.017706362530589104,0.015749868005514145,0.2767297960817814,0.0,0,0,0
1.0,0.0,0.0186357069760561,0.006896687671542168,0.0325268916785717,0.23505570366978645,0.0337986946105957,0,0,0
2.0,0.0,0.0,0.036537736654281616,0.09973283857107162,0.028449304401874542,0.011024773120880127,0,0,0
4.0,0.0,0.0,0.0,0.14538419246673584,0.0046468377113342285,0.017999768257141113,0,0,0
7.0,0.0,0.0,0.0,0.0,0.0,0.0,0,0,0
50.0,0.0,0.0,0.0,0.0,0.0,0.0,0,0,0
