hf time,inp time 0.5,inp time 1.0,inp time 2.0,inp time 4.0,inp time 7.0,inp time 10.0,inp time 15.0,inp time 20.0,inp time 50.0
0.5,0.030328841879963875,0,0,0,0.005689164623618126,0.0914594754576683,0.19992463290691376,0.0,0
1.0,0.0,0,0,0,0.01638726145029068,0.061096690595149994,0.06282201409339905,0.0,0
2.0,0.0,0,0,0,0.03747428208589554,0.18699786812067032,0.07995747029781342,0.001935124397277832,0
4.0,0.0,0,0,0,0.029373399913311005,0.0816890075802803,0.11461746692657471,0.0,0
7.0,0.0,0,0,0,0.0,0.0,0.0002473592758178711,0.0,0
50.0,0.0,0,0,0,0.0,0.0,0.0,0.0,0
