hf time,inp time 0.5,inp time 1.0,inp time 2.0,inp time 4.0,inp time 7.0,inp time 10.0,inp time 15.0,inp time 20.0,inp time 50.0
0.5,0.38658833503723145,0.42639249563217163,0.15967422723770142,0,0,0,0,0,0
1.0,0.0,0.011293292045593262,0.01605159044265747,0,0,0,0,0,0
2.0,0.0,0.0,0.0,0,0,0,0,0,0
4.0,0.0,0.0,0.0,0,0,0,0,0,0
7.0,0.0,0.0,0.0,0,0,0,0,0,0
50.0,0.0,0.0,0.0,0,0,0,0,0,0
