hf time,inp time 0.5,inp time 1.0,inp time 2.0,inp time 4.0,inp time 7.0,inp time 10.0,inp time 15.0,inp time 20.0,inp time 50.0
0.5,0.12026804685592651,0.04354776442050934,0.20694948732852936,0.27843138575553894,0,0,0,0,0
1.0,0.0,0.03211383521556854,0.1431553214788437,0.14894625544548035,0,0,0,0,0
2.0,0.0,0.0,0.0002117156982421875,0.026376187801361084,0,0,0,0,0
4.0,0.0,0.0,0.0,0.0,0,0,0,0,0
7.0,0.0,0.0,0.0,0.0,0,0,0,0,0
50.0,0.0,0.0,0.0,0.0,0,0,0,0,0
