hf time,inp time 0.5,inp time 1.0,inp time 2.0,inp time 4.0,inp time 7.0,inp time 10.0,inp time 15.0,inp time 20.0,inp time 50.0
0.5,0.03586721420288086,0.008082561194896698,0.06602495163679123,0.3260125368833542,0.23379269242286682,0,0,0,0
1.0,0.0,0.006988439708948135,0.014531444758176804,0.11923132836818695,0.11464038491249084,0,0,0,0
2.0,0.0,0.0,0.0018954277038574219,0.04403036832809448,0.026588737964630127,0,0,0,0
4.0,0.0,0.0,0.0,0.0004391670227050781,0.0018748641014099121,0,0,0,0
7.0,0.0,0.0,0.0,0.0,0.0,0,0,0,0
50.0,0.0,0.0,0.0,0.0,0.0,0,0,0,0
