hf time,inp time 0.5,inp time 1.0,inp time 2.0,inp time 4.0,inp time 7.0,inp time 10.0,inp time 15.0,inp time 20.0,inp time 50.0
0.5,0.281247615814209,0.0510917603969574,0.043297410011291504,0.043204665184020996,0.011434495449066162,0.0,0,0,0
1.0,0.0,0.24505212903022766,0.0442049503326416,0.03653675317764282,0.021053969860076904,0.0,0,0,0
2.0,0.0,0.0,0.01216048002243042,0.11146014928817749,0.04287844896316528,0.0,0,0,0
4.0,0.0,0.0,0.0,0.011615991592407227,0.0426177978515625,0.002143383026123047,0,0,0
7.0,0.0,0.0,0.0,0.0,0.0,0.0,0,0,0
50.0,0.0,0.0,0.0,0.0,0.0,0.0,0,0,0
