hf time,inp time 0.5,inp time 1.0,inp time 2.0,inp time 4.0,inp time 7.0,inp time 10.0,inp time 15.0,inp time 20.0,inp time 50.0
0.5,0.3087610602378845,0.005496770143508911,0.030938923358917236,0.02117985486984253,0.14862379431724548,0,0,0,0
1.0,0.0,0.04051902890205383,0.023557573556900024,0.02646544575691223,0.041118770837783813,0,0,0,0
2.0,0.0,0.0,0.0788392424583435,0.08750855922698975,0.07819265127182007,0,0,0,0
4.0,0.0,0.0,0.0,0.07114380598068237,0.03765463829040527,0,0,0,0
7.0,0.0,0.0,0.0,0.0,0.0,0,0,0,0
50.0,0.0,0.0,0.0,0.0,0.0,0,0,0,0
