hf time,inp time 0.5,inp time 1.0,inp time 2.0,inp time 4.0,inp time 7.0,inp time 10.0,inp time 15.0,inp time 20.0,inp time 50.0
0.5,0.03271162509918213,0.012235689908266068,0.007330216467380524,0.03202002868056297,0,0,0,0,0
1.0,0.0,0.0005633905529975891,0.045310210436582565,0.1431887038052082,0,0,0,0,0
2.0,0.0,0.0,0.15655158460140228,0.4542177766561508,0,0,0,0,0
4.0,0.0,0.0,0.0,0.11587071418762207,0,0,0,0,0
7.0,0.0,0.0,0.0,0.0,0,0,0,0,0
50.0,0.0,0.0,0.0,0.0,0,0,0,0,0
