hf time,inp time 0.5,inp time 1.0,inp time 2.0,inp time 4.0,inp time 7.0,inp time 10.0,inp time 15.0,inp time 20.0,inp time 50.0
0.5,0.569530725479126,0.25756698846817017,0.043991684913635254,0.0009816884994506836,0,0,0,0,0
1.0,0.0,0.05307072401046753,0.06107836961746216,0.0006877779960632324,0,0,0,0,0
2.0,0.0,0.0,0.012920200824737549,0.00017195940017700195,0,0,0,0,0
4.0,0.0,0.0,0.0,0.0,0,0,0,0,0
7.0,0.0,0.0,0.0,0.0,0,0,0,0,0
50.0,0.0,0.0,0.0,0.0,0,0,0,0,0
