hf time,inp time 0.5,inp time 1.0,inp time 2.0,inp time 4.0,inp time 7.0,inp time 10.0,inp time 15.0,inp time 20.0,inp time 50.0
0.5,0.3619076907634735,0.22342237830162048,0.12215369939804077,0.1210700273513794,0.05493098497390747,0,0,0,0
1.0,0.0,0.0019410252571105957,0.010991096496582031,0.007709205150604248,0.0013648271560668945,0,0,0,0
2.0,0.0,0.0,0.01342862844467163,0.06913900375366211,0.00511777400970459,0,0,0,0
4.0,0.0,0.0,0.0,0.006653130054473877,0.00017064809799194336,0,0,0,0
7.0,0.0,0.0,0.0,0.0,0.0,0,0,0,0
50.0,0.0,0.0,0.0,0.0,0.0,0,0,0,0
