hf time,inp time 0.5,inp time 1.0,inp time 2.0,inp time 4.0,inp time 7.0,inp time 10.0,inp time 15.0,inp time 20.0,inp time 50.0
0.5,0.08747183531522751,0.014056377112865448,0.04468509554862976,0.18458493053913116,0.04307010769844055,0,0,0,0
1.0,0.0,0.02045784890651703,0.0990045964717865,0.2884208709001541,0.04981449246406555,0,0,0,0
2.0,0.0,0.0,0.040132731199264526,0.072000652551651,0.04285013675689697,0,0,0,0
4.0,0.0,0.0,0.0,0.0040288567543029785,0.009421467781066895,0,0,0,0
7.0,0.0,0.0,0.0,0.0,0.0,0,0,0,0
50.0,0.0,0.0,0.0,0.0,0.0,0,0,0,0
