hf time,inp time 0.5,inp time 1.0,inp time 2.0,inp time 4.0,inp time 7.0,inp time 10.0,inp time 15.0,inp time 20.0,inp time 50.0
0.5,0.00032808780088089406,0.018059408670524135,0.007941501215100288,0.392199469730258,0.1983417570590973,0,0,0,0
1.0,0.0,0.00098426453769207,0.016708023846149445,0.17504949308931828,0.04404720664024353,0,0,0,0
2.0,0.0,0.0,0.016256529837846756,0.08019189164042473,0.030526340007781982,0,0,0,0
4.0,0.0,0.0,0.0,0.004067361354827881,0.015298664569854736,0,0,0,0
7.0,0.0,0.0,0.0,0.0,0.0,0,0,0,0
50.0,0.0,0.0,0.0,0.0,0.0,0,0,0,0
