hf time,inp time 0.5,inp time 1.0,inp time 2.0,inp time 4.0,inp time 7.0,inp time 10.0,inp time 15.0,inp time 20.0,inp time 50.0
0.5,0.5888363718986511,0.15819072723388672,0.13846749067306519,0.019199907779693604,0,0,0,0,0
1.0,0.0,0.04414653778076172,0.0340116024017334,0.004480957984924316,0,0,0,0,0
2.0,0.0,0.0,0.01266634464263916,1.7881393432617188e-07,0,0,0,0,0
4.0,0.0,0.0,0.0,0.0,0,0,0,0,0
7.0,0.0,0.0,0.0,0.0,0,0,0,0,0
50.0,0.0,0.0,0.0,0.0,0,0,0,0,0
