hf time,inp time 0.5,inp time 1.0,inp time 2.0,inp time 4.0,inp time 7.0,inp time 10.0,inp time 15.0,inp time 20.0,inp time 50.0
0.5,0.004361424129456282,0.0,0.0027826158329844475,0.060921946074813604,0.13201095163822174,0.06286311149597168,0,0,0
1.0,0.0,0.006289843004196882,0.0039040055125951767,0.053370526526123285,0.19136486947536469,0.04723680019378662,0,0,0
2.0,0.0,0.0,0.006357850506901741,0.05549844913184643,0.2563718855381012,0.04298222064971924,0,0,0
4.0,0.0,0.0,0.0,0.002395719289779663,0.06400850415229797,0.0072792768478393555,0,0,0
7.0,0.0,0.0,0.0,0.0,0.0,0.0,0,0,0
50.0,0.0,0.0,0.0,0.0,0.0,0.0,0,0,0
