hf time,inp time 0.5,inp time 1.0,inp time 2.0,inp time 4.0,inp time 7.0,inp time 10.0,inp time 15.0,inp time 20.0,inp time 50.0
0.5,0.19361400604248047,0.20856449007987976,0.03234207630157471,0.03884035348892212,0.0,0.0,0.0,0.01783621311187744,0.04120168089866638
1.0,0.0,0.0,0.00927203893661499,0.003210514783859253,0.0,0.0,0.0,0.015874266624450684,0.13359323143959045
2.0,0.0,0.0,0.008918136358261108,0.0024970173835754395,0.0032105743885040283,0.0,0.0,0.009274780750274658,0.03674262762069702
4.0,0.0,0.0,0.0,0.0,0.007708251476287842,0.0,0.000535130500793457,0.04280686378479004,0.020154953002929688
7.0,0.0,0.0,0.0,0.0,0.0020185112953186035,0.002034485340118408,0.009988248348236084,0.011771976947784424,0.09750020503997803
50.0,0.0,0.0,0.0,0.0,0.0,0.028015732765197754,0.02211683988571167,0.0003567934036254883,0.0
