hf time,inp time 0.5,inp time 1.0,inp time 2.0,inp time 4.0,inp time 7.0,inp time 10.0,inp time 15.0,inp time 20.0,inp time 50.0
0.5,0.19086936116218567,0.021630018949508667,0.053094565868377686,0.049143433570861816,0.30351847410202026,0.09991621971130371,0.0,0,0
1.0,0.0,0.010434925556182861,0.02294650673866272,0.04941517114639282,0.05530157685279846,0.022588908672332764,0.0,0,0
2.0,0.0,0.0,0.013846486806869507,0.03336265683174133,0.038957417011260986,0.01649552583694458,0.0,0,0
4.0,0.0,0.0,0.0,0.0010365843772888184,0.010696589946746826,0.006392836570739746,0.0003527402877807617,0,0
7.0,0.0,0.0,0.0,0.0,0.0,0.0,0.0,0,0
50.0,0.0,0.0,0.0,0.0,0.0,0.0,0.0,0,0
