hf time,inp time 0.5,inp time 1.0,inp time 2.0,inp time 4.0,inp time 7.0,inp time 10.0,inp time 15.0,inp time 20.0,inp time 50.0
0.5,0.18630670011043549,0.14897213876247406,0.12481451034545898,0.2316857874393463,0.007964074611663818,0.0,0,0,0
1.0,0.0,0.0,0.13616129755973816,0.0375809371471405,0.008601605892181396,0.0,0,0,0
2.0,0.0,0.0,0.008344888687133789,0.05596953630447388,0.03328913450241089,0.011895835399627686,0,0,0
4.0,0.0,0.0,0.0,0.0014928579330444336,0.005456745624542236,0.00146406888961792,0,0,0
7.0,0.0,0.0,0.0,0.0,0.0,0.0,0,0,0
50.0,0.0,0.0,0.0,0.0,0.0,0.0,0,0,0
