hf time,inp time 0.5,inp time 1.0,inp time 2.0,inp time 4.0,inp time 7.0,inp time 10.0,inp time 15.0,inp time 20.0,inp time 50.0
0.5,0.0056825196370482445,0.0,0.00805023591965437,0.007050342857837677,0.07889952324330807,0.01805616170167923,0,0,0
1.0,0.0,0.02928303275257349,0.018170800991356373,0.07152609527111053,0.07598940469324589,0.016191326081752777,0,0,0
2.0,0.0,0.0,0.061486609280109406,0.09710710495710373,0.21308043599128723,0.047792643308639526,0,0,0
4.0,0.0,0.0,0.0,0.027952730655670166,0.19606763124465942,0.027613401412963867,0,0,0
7.0,0.0,0.0,0.0,0.0,0.0,0.0,0,0,0
50.0,0.0,0.0,0.0,0.0,0.0,0.0,0,0,0
