hf time,inp time 0.5,inp time 1.0,inp time 2.0,inp time 4.0,inp time 7.0,inp time 10.0,inp time 15.0,inp time 20.0,inp time 50.0
0.5,0.05021722987294197,0.004404075443744659,0.0016028694808483124,0.03785102069377899,0.09510549157857895,0.03532025218009949,0.03375844657421112,0,0
1.0,0.0,0.004439406096935272,0.029031850397586823,0.028654180467128754,0.09015747159719467,0.043113499879837036,0.012133851647377014,0,0
2.0,0.0,0.0,0.013796597719192505,0.05460205674171448,0.16974666714668274,0.11984354257583618,0.003544032573699951,0,0
4.0,0.0,0.0,0.0,0.016879230737686157,0.028756648302078247,0.11346602439880371,0.0127946138381958,0,0
7.0,0.0,0.0,0.0,0.0,0.00042051076889038086,0.0003604292869567871,0.0,0,0
50.0,0.0,0.0,0.0,0.0,0.0,0.0,0.0,0,0
