hf time,inp time 0.5,inp time 1.0,inp time 2.0,inp time 4.0,inp time 7.0,inp time 10.0,inp time 15.0,inp time 20.0,inp time 50.0
0.5,0.1577228158712387,0.20967595279216766,0.07652992010116577,0.3562285006046295,0.08119243383407593,0,0,0,0
1.0,0.0,0.015888333320617676,0.04022529721260071,0.017428845167160034,0.04039484262466431,0,0,0,0
2.0,0.0,0.0,0.0,0.0047130584716796875,0.0,0,0,0,0
4.0,0.0,0.0,0.0,0.0,0.0,0,0,0,0
7.0,0.0,0.0,0.0,0.0,0.0,0,0,0,0
50.0,0.0,0.0,0.0,0.0,0.0,0,0,0,0
