hf time,inp time 0.5,inp time 1.0,inp time 2.0,inp time 4.0,inp time 7.0,inp time 10.0,inp time 15.0,inp time 20.0,inp time 50.0
0.5,0.1311120241880417,0.0698876678943634,0.12064631283283234,0.22345897555351257,0.08670532703399658,0,0,0,0
1.0,0.0,0.0016861408948898315,0.058375343680381775,0.16029855608940125,0.050549983978271484,0,0,0,0
2.0,0.0,0.0,0.010640144348144531,0.0640106201171875,0.022315025329589844,0,0,0,0
4.0,0.0,0.0,0.0,0.00017440319061279297,0.00013959407806396484,0,0,0,0
7.0,0.0,0.0,0.0,0.0,0.0,0,0,0,0
50.0,0.0,0.0,0.0,0.0,0.0,0,0,0,0
