hf time,inp time 0.5,inp time 1.0,inp time 2.0,inp time 4.0,inp time 7.0,inp time 10.0,inp time 15.0,inp time 20.0,inp time 50.0
0.5,0.2613424062728882,0.0,0.035972774028778076,0.2190641164779663,0.04253852367401123,0,0,0,0
1.0,0.0,0.033273935317993164,0.06883251667022705,0.15133607387542725,0.04045677185058594,0,0,0,0
2.0,0.0,0.0,0.031531691551208496,0.041673898696899414,0.07360625267028809,0,0,0,0
4.0,0.0,0.0,0.0,0.0,0.00037091970443725586,0,0,0,0
7.0,0.0,0.0,0.0,0.0,0.0,0,0,0,0
50.0,0.0,0.0,0.0,0.0,0.0,0,0,0,0
