hf time,inp time 0.5,inp time 1.0,inp time 2.0,inp time 4.0,inp time 7.0,inp time 10.0,inp time 15.0,inp time 20.0,inp time 50.0
0.5,0,0,0,0.002858384046703577,0.18493309756740928,0.384951576590538,0.01683717966079712,0,0
1.0,0,0,0,0.0,0.16544099152088165,0.11951802670955658,0.013524889945983887,0,0
2.0,0,0,0,0.0,0.021022677421569824,0.04545438289642334,0.02981024980545044,0,0
4.0,0,0,0,0.0,0.0,0.0030400753021240234,0.012516438961029053,0,0
7.0,0,0,0,0.0,0.0,9.202957153320312e-05,0.0,0,0
50.0,0,0,0,0.0,0.0,0.0,0.0,0,0
