hf time,inp time 0.5,inp time 1.0,inp time 2.0,inp time 4.0,inp time 7.0,inp time 10.0,inp time 15.0,inp time 20.0,inp time 50.0
0.5,0,0.07473022490739822,0.4666536971926689,0.10557329654693604,0.005926549434661865,0,0,0,0
1.0,0,0.053550802171230316,0.16213951259851456,0.1290326714515686,0.0004233121871948242,0,0,0,0
2.0,0,0.0,0.0,0.0019698739051818848,5.960464477539063e-08,0,0,0,0
4.0,0,0.0,0.0,0.0,0.0,0,0,0,0
7.0,0,0.0,0.0,0.0,0.0,0,0,0,0
50.0,0,0.0,0.0,0.0,0.0,0,0,0,0
