hf time,inp time 0.5,inp time 1.0,inp time 2.0,inp time 4.0,inp time 7.0,inp time 10.0,inp time 15.0,inp time 20.0,inp time 50.0
0.5,0.07287682592868805,0.05715736746788025,0.23732902109622955,0.29541051387786865,0.02679353952407837,0,0,0,0
1.0,0.0,0.007859736680984497,0.07172161340713501,0.1913352906703949,0.036767542362213135,0,0,0,0
2.0,0.0,0.0,0.0,0.0005260705947875977,0.0022224783897399902,0,0,0,0
4.0,0.0,0.0,0.0,0.0,0.0,0,0,0,0
7.0,0.0,0.0,0.0,0.0,0.0,0,0,0,0
50.0,0.0,0.0,0.0,0.0,0.0,0,0,0,0
