hf time,inp time 0.5,inp time 1.0,inp time 2.0,inp time 4.0,inp time 7.0,inp time 10.0,inp time 15.0,inp time 20.0,inp time 50.0
0.5,0,0.0,0.07854729890823364,0.09101510047912598,0.2367132306098938,0.0,0,0,0
1.0,0,0.034936729818582535,0.06163724884390831,0.001402050256729126,0.16162079572677612,0.006827294826507568,0,0,0
2.0,0,0.0,0.05552405118942261,0.029910266399383545,0.16421496868133545,0.035569608211517334,0,0,0
4.0,0,0.0,0.0,0.0001869499683380127,0.039958029985427856,0.0019363760948181152,0,0,0
7.0,0,0.0,0.0,0.0,0.0,0.0,0,0,0
50.0,0,0.0,0.0,0.0,0.0,0.0,0,0,0
