hf time,inp time 0.5,inp time 1.0,inp time 2.0,inp time 4.0,inp time 7.0,inp time 10.0,inp time 15.0,inp time 20.0,inp time 50.0
0.5,0,0,0,0,0.014690183103084564,0.06810902804136276,0.30385054647922516,0,0
1.0,0,0,0,0,0.0018362738192081451,0.02261478081345558,0.14610152691602707,0,0
2.0,0,0,0,0,0.0006677359342575073,0.11661026626825333,0.24710867553949356,0,0
4.0,0,0,0,0,0.0,0.026172861456871033,0.05223812162876129,0,0
7.0,0,0,0,0,0.0,0.0,0.0,0,0
50.0,0,0,0,0,0.0,0.0,0.0,0,0
