hf time,inp time 0.5,inp time 1.0,inp time 2.0,inp time 4.0,inp time 7.0,inp time 10.0,inp time 15.0,inp time 20.0,inp time 50.0
0.5,0.10327083617448807,0.01614832878112793,0.06643902510404587,0.1646343469619751,0.023745238780975342,0.0,0,0,0
1.0,0.0,0.015804775059223175,0.030189640820026398,0.13236336410045624,0.03160804510116577,0.0014908313751220703,0,0,0
2.0,0.0,0.0,0.0385793000459671,0.1843240112066269,0.12296026945114136,0.0008320808410644531,0,0,0
4.0,0.0,0.0,0.0,0.005791783332824707,0.05957841873168945,0.002239704132080078,0,0,0
7.0,0.0,0.0,0.0,0.0,0.0,0.0,0,0,0
50.0,0.0,0.0,0.0,0.0,0.0,0.0,0,0,0
