hf time,inp time 0.5,inp time 1.0,inp time 2.0,inp time 4.0,inp time 7.0,inp time 10.0,inp time 15.0,inp time 20.0,inp time 50.0
0.5,0.13249574601650238,0.016917869448661804,0.06724917888641357,0.2008477747440338,0.05617031455039978,0.0,0,0,0
1.0,0.0,0.09319323301315308,0.07481473684310913,0.08087813854217529,0.0821634829044342,0.0016980171203613281,0,0,0
2.0,0.0,0.0,0.02364438772201538,0.04461252689361572,0.07543689012527466,0.003962218761444092,0,0,0
4.0,0.0,0.0,0.0,0.00025159120559692383,0.01980048418045044,0.023011744022369385,0,0,0
7.0,0.0,0.0,0.0,0.0,0.0,0.0028516650199890137,0,0,0
50.0,0.0,0.0,0.0,0.0,0.0,0.0,0,0,0
