hf time,inp time 0.5,inp time 1.0,inp time 2.0,inp time 4.0,inp time 7.0,inp time 10.0,inp time 15.0,inp time 20.0,inp time 50.0
0.5,0.0969247817993164,0.0020310133695602417,0.006318733096122742,0.026166275143623352,0.002611890435218811,0.045095860958099365,0.009816601872444153,0,0
1.0,0.0,0.02422737330198288,0.016463808715343475,0.0423821359872818,0.0329400897026062,0.04721608757972717,0.015681371092796326,0,0
2.0,0.0,0.0,0.06564497947692871,0.10632641613483429,0.14782707393169403,0.11582764983177185,0.021888911724090576,0,0
4.0,0.0,0.0,0.0,0.03407600522041321,0.10733404755592346,0.033198773860931396,1.1920928955078125e-07,0,0
7.0,0.0,0.0,0.0,0.0,0.0,0.0,0.0,0,0
50.0,0.0,0.0,0.0,0.0,0.0,0.0,0.0,0,0
