hf time,inp time 0.5,inp time 1.0,inp time 2.0,inp time 4.0,inp time 7.0,inp time 10.0,inp time 15.0,inp time 20.0,inp time 50.0
0.5,0.2053779810667038,0.08377216756343842,0.16679510474205017,0.14915978908538818,0,0,0,0,0
1.0,0.0,0.01262044906616211,0.09369426965713501,0.20992493629455566,0,0,0,0,0
2.0,0.0,0.0,0.004404962062835693,0.07425045967102051,0,0,0,0,0
4.0,0.0,0.0,0.0,0.0,0,0,0,0,0
7.0,0.0,0.0,0.0,0.0,0,0,0,0,0
50.0,0.0,0.0,0.0,0.0,0,0,0,0,0
