hf time,inp time 0.5,inp time 1.0,inp time 2.0,inp time 4.0,inp time 7.0,inp time 10.0,inp time 15.0,inp time 20.0,inp time 50.0
0.5,0.13583511114120483,0.17155390977859497,0.35485368967056274,0.08654844760894775,0.013598740100860596,0.0,0,0,0
1.0,0.0,0.02819448709487915,0.10348385572433472,0.050787925720214844,0.019231855869293213,0.0,0,0,0
2.0,0.0,0.0,0.006873011589050293,0.014694511890411377,0.004580318927764893,0.006540358066558838,0,0,0
4.0,0.0,0.0,0.0,0.0,0.0031475424766540527,7.623434066772461e-05,0,0,0
7.0,0.0,0.0,0.0,0.0,0.0,0.0,0,0,0
50.0,0.0,0.0,0.0,0.0,0.0,0.0,0,0,0
