hf time,inp time 0.5,inp time 1.0,inp time 2.0,inp time 4.0,inp time 7.0,inp time 10.0,inp time 15.0,inp time 20.0,inp time 50.0
0.5,0.03754733130335808,0.0011184290051460266,0.06549811735749245,0.4253143146634102,0,0,0,0,0
1.0,0.0,0.028645988553762436,0.11506464704871178,0.2944894805550575,0,0,0,0,0
2.0,0.0,0.0,0.01610298454761505,0.016218706965446472,0,0,0,0,0
4.0,0.0,0.0,0.0,0.0,0,0,0,0,0
7.0,0.0,0.0,0.0,0.0,0,0,0,0,0
50.0,0.0,0.0,0.0,0.0,0,0,0,0,0
