hf time,inp time 0.5,inp time 1.0,inp time 2.0,inp time 4.0,inp time 7.0,inp time 10.0,inp time 15.0,inp time 20.0,inp time 50.0
0.5,0,0.0,0.0,0.0021461874712258577,0.0,0,0,0,0
1.0,0,0.024631522595882416,0.08185912668704987,0.0,0.0,0,0,0,0
2.0,0,0.0,0.1703847572207451,0.17905646562576294,0.18307015299797058,0,0,0,0
4.0,0,0.0,0.0,0.33667728304862976,0.02217450737953186,0,0,0,0
7.0,0,0.0,0.0,0.0,0.0,0,0,0,0
50.0,0,0.0,0.0,0.0,0.0,0,0,0,0
