hf time,inp time 0.5,inp time 1.0,inp time 2.0,inp time 4.0,inp time 7.0,inp time 10.0,inp time 15.0,inp time 20.0,inp time 50.0
0.5,0,0.020219210535287857,0.15501349791884422,0.11910757422447205,0.04714798927307129,0,0,0,0
1.0,0,0.007084835320711136,0.14147500321269035,0.28523004055023193,0.026759982109069824,0,0,0,0
2.0,0,0.0,0.01950967311859131,0.17462998628616333,0.0038222074508666992,0,0,0,0
4.0,0,0.0,0.0,0.0,0.0,0,0,0,0
7.0,0,0.0,0.0,0.0,0.0,0,0,0,0
50.0,0,0.0,0.0,0.0,0.0,0,0,0,0
