hf time,inp time 0.5,inp time 1.0,inp time 2.0,inp time 4.0,inp time 7.0,inp time 10.0,inp time 15.0,inp time 20.0,inp time 50.0
0.5,0,0,0.0,0.02975296601653099,0.060735706239938736,0.17204421758651733,0.003643214702606201,0,0
1.0,0,0,0.005100508686155081,0.02054685214534402,0.10217806324362755,0.04221002757549286,0.026352614164352417,0,0
2.0,0,0,0.005829152185469866,0.01032245485112071,0.11275614798069,0.08831281960010529,0.07115355134010315,0,0
4.0,0,0,0.0,0.007016025483608246,0.059627361595630646,0.08551540970802307,0.09646117687225342,0,0
7.0,0,0,0.0,0.0,0.0,0.0004417300224304199,0.0,0,0
50.0,0,0,0.0,0.0,0.0,0.0,0.0,0,0
