hf time,inp time 0.5,inp time 1.0,inp time 2.0,inp time 4.0,inp time 7.0,inp time 10.0,inp time 15.0,inp time 20.0,inp time 50.0
0.5,0,0,0.007003207691013813,0.07755376677960157,0.15426260977983475,0,0,0,0
1.0,0,0,0.02326590847223997,0.1824173154309392,0.18139775842428207,0,0,0,0
2.0,0,0,0.04433220624923706,0.19538328051567078,0.13178375363349915,0,0,0,0
4.0,0,0,0.0,0.0026000142097473145,5.960464477539063e-08,0,0,0,0
7.0,0,0,0.0,0.0,0.0,0,0,0,0
50.0,0,0,0.0,0.0,0.0,0,0,0,0
