hf time,inp time 0.5,inp time 1.0,inp time 2.0,inp time 4.0,inp time 7.0,inp time 10.0,inp time 15.0,inp time 20.0,inp time 50.0
0.5,0.26199057698249817,0.03300666809082031,0.21110406517982483,0.21445190906524658,0,0,0,0,0
1.0,0.0,0.052284419536590576,0.06528091430664062,0.14093714952468872,0,0,0,0,0
2.0,0.0,0.0,0.01727241277694702,0.003672003746032715,0,0,0,0,0
4.0,0.0,0.0,0.0,0.0,0,0,0,0,0
7.0,0.0,0.0,0.0,0.0,0,0,0,0,0
50.0,0.0,0.0,0.0,0.0,0,0,0,0,0
