hf time,inp time 0.5,inp time 1.0,inp time 2.0,inp time 4.0,inp time 7.0,inp time 10.0,inp time 15.0,inp time 20.0,inp time 50.0
0.5,0.23951004445552826,0.11388541758060455,0.26784276962280273,0.148520827293396,0.009452342987060547,0,0,0,0
1.0,0.0,0.014178484678268433,0.01989331841468811,0.04185080528259277,0.0019819140434265137,0,0,0,0
2.0,0.0,0.0,0.06227642297744751,0.058866024017333984,0.0022867918014526367,0,0,0,0
4.0,0.0,0.0,0.0,0.015471994876861572,0.003982841968536377,0,0,0,0
7.0,0.0,0.0,0.0,0.0,0.0,0,0,0,0
50.0,0.0,0.0,0.0,0.0,0.0,0,0,0,0
