hf time,inp time 0.5,inp time 1.0,inp time 2.0,inp time 4.0,inp time 7.0,inp time 10.0,inp time 15.0,inp time 20.0,inp time 50.0
0.5,0.23448584973812103,0.5263272672891617,0.18556421995162964,0.0,0,0,0,0,0
1.0,0.0,0.030737876892089844,0.010264158248901367,0.010321736335754395,0,0,0,0,0
2.0,0.0,0.0,0.0,0.002299010753631592,0,0,0,0,0
4.0,0.0,0.0,0.0,0.0,0,0,0,0,0
7.0,0.0,0.0,0.0,0.0,0,0,0,0,0
50.0,0.0,0.0,0.0,0.0,0,0,0,0,0
