hf time,inp time 0.5,inp time 1.0,inp time 2.0,inp time 4.0,inp time 7.0,inp time 10.0,inp time 15.0,inp time 20.0,inp time 50.0
0.5,0.0013849179958924651,0,0.0006295082857832313,0.05678163678385317,0.28932197391986847,0.04030463099479675,0.0,0,0
1.0,0.0,0,0.018759342143312097,0.11343738227151334,0.11998423933982849,0.04861178994178772,0.00029015541076660156,0,0
2.0,0.0,0,0.0,0.076422318816185,0.13295216858386993,0.09394365549087524,0.0,0,0
4.0,0.0,0,0.0,0.0,0.007176399230957031,0.0,0.0,0,0
7.0,0.0,0,0.0,0.0,0.0,0.0,0.0,0,0
50.0,0.0,0,0.0,0.0,0.0,0.0,0.0,0,0
