hf time,inp time 0.5,inp time 1.0,inp time 2.0,inp time 4.0,inp time 7.0,inp time 10.0,inp time 15.0,inp time 20.0,inp time 50.0
0.5,0.14589782059192657,0.26528342068195343,0.09964147210121155,0.07098674774169922,0.01557469367980957,0.0049399733543396,0.004842162132263184,0,0
1.0,0.0,0.023396700620651245,0.14155122637748718,0.06418830156326294,0.014126777648925781,0.0034970641136169434,0.0011371374130249023,0,0
2.0,0.0,0.0,0.011775314807891846,0.05195111036300659,0.024798154830932617,0.005434393882751465,0.005498290061950684,0,0
4.0,0.0,0.0,0.0,0.013279438018798828,0.020320117473602295,0.006895661354064941,0.0015846490859985352,0,0
7.0,0.0,0.0,0.0,0.0,0.0012839436531066895,0.002115190029144287,1.1920928955078125e-07,0,0
50.0,0.0,0.0,0.0,0.0,0.0,0.0,0.0,0,0
