hf time,inp time 0.5,inp time 1.0,inp time 2.0,inp time 4.0,inp time 7.0,inp time 10.0,inp time 15.0,inp time 20.0,inp time 50.0
0.5,0.061744678765535355,0.008988592773675919,0.021392256021499634,0.20408571511507034,0.11695253849029541,0.0,0,0,0
1.0,0.0,0.016663454473018646,0.032878950238227844,0.1315501555800438,0.06152033805847168,0.0005469322204589844,0,0,0
2.0,0.0,0.0,0.04162406921386719,0.1530930995941162,0.13143885135650635,1.1920928955078125e-07,0,0,0
4.0,0.0,0.0,0.0,0.013158977031707764,0.004361271858215332,0.0,0,0,0
7.0,0.0,0.0,0.0,0.0,0.0,0.0,0,0,0
50.0,0.0,0.0,0.0,0.0,0.0,0.0,0,0,0
