hf time,inp time 0.5,inp time 1.0,inp time 2.0,inp time 4.0,inp time 7.0,inp time 10.0,inp time 15.0,inp time 20.0,inp time 50.0
0.5,0.33253979682922363,0.20194125175476074,0.18228906393051147,0.08918201923370361,0.0036860108375549316,0,0,0,0
1.0,0.0,0.060190558433532715,0.0993502140045166,0.020977795124053955,0.004314303398132324,0,0,0,0
2.0,0.0,0.0,0.005026340484619141,0.0005027651786804199,0.0,0,0,0,0
4.0,0.0,0.0,0.0,0.0,0.0,0,0,0,0
7.0,0.0,0.0,0.0,0.0,0.0,0,0,0,0
50.0,0.0,0.0,0.0,0.0,0.0,0,0,0,0
