hf time,inp time 0.5,inp time 1.0,inp time 2.0,inp time 4.0,inp time 7.0,inp time 10.0,inp time 15.0,inp time 20.0,inp time 50.0
0.5,0.07140247523784637,0.09760428965091705,0.33501923084259033,0.2501192092895508,0.0,0.029153525829315186,0.0,0.0,0.0
1.0,0.0,0.0009048730134963989,0.010761603713035583,0.034137845039367676,0.0,0.0,0.0,0.0,0.0
2.0,0.0,0.0,0.0,0.043973326683044434,0.00023514032363891602,0.002586185932159424,0.00047022104263305664,0.0,0.0
4.0,0.0,0.0,0.0,0.019724547863006592,0.0037379860877990723,0.0032914280891418457,0.001175522804260254,0.0,0.0
7.0,0.0,0.0,0.0,0.0,0.0355038046836853,0.002116084098815918,0.011990547180175781,0.0007053613662719727,0.0
50.0,0.0,0.0,0.0,0.0,0.0,0.0032970309257507324,0.022340774536132812,0.019278883934020996,0.00047022104263305664
