hf time,inp time 0.5,inp time 1.0,inp time 2.0,inp time 4.0,inp time 7.0,inp time 10.0,inp time 15.0,inp time 20.0,inp time 50.0
0.5,0.22169403731822968,0.18370921909809113,0.1839534044265747,0.1692889928817749,0.028939783573150635,0,0,0,0
1.0,0.0,0.06890615820884705,0.05793085694313049,0.05997222661972046,0.004834771156311035,0,0,0,0
2.0,0.0,0.0,0.0016975998878479004,0.016184866428375244,0.00042438507080078125,0,0,0,0
4.0,0.0,0.0,0.0,0.0007881522178649902,0.0016755461692810059,0,0,0,0
7.0,0.0,0.0,0.0,0.0,0.0,0,0,0,0
50.0,0.0,0.0,0.0,0.0,0.0,0,0,0,0
