hf time,inp time 0.5,inp time 1.0,inp time 2.0,inp time 4.0,inp time 7.0,inp time 10.0,inp time 15.0,inp time 20.0,inp time 50.0
0.5,0.07569076120853424,0.09400221705436707,0.08273614943027496,0.1428174376487732,0.10044768452644348,0,0,0,0
1.0,0.0,0.015023112297058105,0.06364774703979492,0.12940537929534912,0.03646406531333923,0,0,0,0
2.0,0.0,0.0,0.02414599061012268,0.15100696682929993,0.057927846908569336,0,0,0,0
4.0,0.0,0.0,0.0,0.006845295429229736,0.019839465618133545,0,0,0,0
7.0,0.0,0.0,0.0,0.0,0.0,0,0,0,0
50.0,0.0,0.0,0.0,0.0,0.0,0,0,0,0
