hf time,inp time 0.5,inp time 1.0,inp time 2.0,inp time 4.0,inp time 7.0,inp time 10.0,inp time 15.0,inp time 20.0,inp time 50.0
0.5,0.25997498631477356,0.030753731727600098,0.00671762228012085,0.15641844272613525,0.08262351155281067,0.0,0,0,0
1.0,0.0,0.10063263773918152,0.017955780029296875,0.07042819261550903,0.016695767641067505,0.0,0,0,0
2.0,0.0,0.0,0.07479360699653625,0.1354382336139679,0.021101176738739014,8.928775787353516e-05,0,0,0
4.0,0.0,0.0,0.0,0.024003148078918457,0.002373933792114258,5.960464477539063e-08,0,0,0
7.0,0.0,0.0,0.0,0.0,0.0,0.0,0,0,0
50.0,0.0,0.0,0.0,0.0,0.0,0.0,0,0,0
