hf time,inp time 0.5,inp time 1.0,inp time 2.0,inp time 4.0,inp time 7.0,inp time 10.0,inp time 15.0,inp time 20.0,inp time 50.0
0.5,0.2293625921010971,0.073208287358284,0.17079737782478333,0.08701667189598083,0,0,0,0,0
1.0,0.0,0.23472845554351807,0.13382777571678162,0.01342281699180603,0,0,0,0,0
2.0,0.0,0.0,0.03548300266265869,0.022153019905090332,0,0,0,0,0
4.0,0.0,0.0,0.0,0.0,0,0,0,0,0
7.0,0.0,0.0,0.0,0.0,0,0,0,0,0
50.0,0.0,0.0,0.0,0.0,0,0,0,0,0
