hf time,inp time 0.5,inp time 1.0,inp time 2.0,inp time 4.0,inp time 7.0,inp time 10.0,inp time 15.0,inp time 20.0,inp time 50.0
0.5,0,0.0,0.006050311028957367,0.5736278668045998,0.047199130058288574,0,0,0,0
1.0,0,0.014384024776518345,0.041463776491582394,0.270283006131649,0.02112060785293579,0,0,0,0
2.0,0,0.0,0.013534493744373322,0.012336723506450653,5.960464477539063e-08,0,0,0,0
4.0,0,0.0,0.0,0.0,0.0,0,0,0,0
7.0,0,0.0,0.0,0.0,0.0,0,0,0,0
50.0,0,0.0,0.0,0.0,0.0,0,0,0,0
