hf time,inp time 0.5,inp time 1.0,inp time 2.0,inp time 4.0,inp time 7.0,inp time 10.0,inp time 15.0,inp time 20.0,inp time 50.0
0.5,0.05278343707323074,0.2280900999903679,0.630632221698761,0.017411768436431885,0,0,0,0,0
1.0,0.0,0.007333546876907349,0.04191282391548157,0.015867173671722412,0,0,0,0,0
2.0,0.0,0.0,0.0005784034729003906,0.005390524864196777,0,0,0,0,0
4.0,0.0,0.0,0.0,0.0,0,0,0,0,0
7.0,0.0,0.0,0.0,0.0,0,0,0,0,0
50.0,0.0,0.0,0.0,0.0,0,0,0,0,0
