hf time,inp time 0.5,inp time 1.0,inp time 2.0,inp time 4.0,inp time 7.0,inp time 10.0,inp time 15.0,inp time 20.0,inp time 50.0
0.5,0.06762084364891052,0.020458422601222992,0.015142537653446198,0.09188176691532135,0.12390439212322235,0.019904226064682007,0,0,0
1.0,0.0,0.017539501190185547,0.03476572036743164,0.11616848409175873,0.11952893435955048,0.032928675413131714,0,0,0
2.0,0.0,0.0,0.03425319492816925,0.10982294380664825,0.14554324746131897,0.021892189979553223,0,0,0
4.0,0.0,0.0,0.0,0.015367686748504639,0.013226330280303955,5.0902366638183594e-05,0,0,0
7.0,0.0,0.0,0.0,0.0,0.0,0.0,0,0,0
50.0,0.0,0.0,0.0,0.0,0.0,0.0,0,0,0
