hf time,inp time 0.5,inp time 1.0,inp time 2.0,inp time 4.0,inp time 7.0,inp time 10.0,inp time 15.0,inp time 20.0,inp time 50.0
0.5,0.019567066803574562,0.006540834903717041,0.18270467780530453,0.49988628923892975,9.572505950927734e-05,0,0,0,0
1.0,0.0,0.0005543064326047897,0.0528127271682024,0.21679852902889252,0.0002873539924621582,0,0,0,0
2.0,0.0,0.0,0.006067156791687012,0.014685332775115967,0.0,0,0,0,0
4.0,0.0,0.0,0.0,0.0,0.0,0,0,0,0
7.0,0.0,0.0,0.0,0.0,0.0,0,0,0,0
50.0,0.0,0.0,0.0,0.0,0.0,0,0,0,0
