hf time,inp time 0.5,inp time 1.0,inp time 2.0,inp time 4.0,inp time 7.0,inp time 10.0,inp time 15.0,inp time 20.0,inp time 50.0
0.5,0.05564875155687332,0.013944722712039948,0.036144740879535675,0.17279795557260513,0.07470452785491943,0,0,0,0
1.0,0.0,0.08111602067947388,0.04761556535959244,0.1973211094737053,0.07784110307693481,0,0,0,0
2.0,0.0,0.0,0.030828535556793213,0.15812349319458008,0.049361348152160645,0,0,0,0
4.0,0.0,0.0,0.0,0.0010738968849182129,0.0034781694412231445,0,0,0,0
7.0,0.0,0.0,0.0,0.0,0.0,0,0,0,0
50.0,0.0,0.0,0.0,0.0,0.0,0,0,0,0
