hf time,inp time 0.5,inp time 1.0,inp time 2.0,inp time 4.0,inp time 7.0,inp time 10.0,inp time 15.0,inp time 20.0,inp time 50.0
0.5,0.09763234108686447,0.037781380116939545,0.08972658216953278,0.2087058424949646,0.045450568199157715,0,0,0,0
1.0,0.0,0.07836920022964478,0.14838328957557678,0.20069938898086548,0.029576659202575684,0,0,0,0
2.0,0.0,0.0,0.02687138319015503,0.028688490390777588,0.008114874362945557,0,0,0,0
4.0,0.0,0.0,0.0,0.0,0.0,0,0,0,0
7.0,0.0,0.0,0.0,0.0,0.0,0,0,0,0
50.0,0.0,0.0,0.0,0.0,0.0,0,0,0,0
