hf time,inp time 0.5,inp time 1.0,inp time 2.0,inp time 4.0,inp time 7.0,inp time 10.0,inp time 15.0,inp time 20.0,inp time 50.0
0.5,0,0,0,0.05277758836746216,0.08563926815986633,0.14455586671829224,0.20518159866333008,0,0
1.0,0,0,0,0.01345214992761612,0.05391254276037216,0.050213783979415894,0.1182742714881897,0,0
2.0,0,0,0,0.00182332843542099,0.04970646649599075,0.07841441035270691,0.09732383489608765,0,0
4.0,0,0,0,0.0,0.0,0.023141205310821533,0.02558368444442749,0,0
7.0,0,0,0,0.0,0.0,0.0,0.0,0,0
50.0,0,0,0,0.0,0.0,0.0,0.0,0,0
