hf time,inp time 0.5,inp time 1.0,inp time 2.0,inp time 4.0,inp time 7.0,inp time 10.0,inp time 15.0,inp time 20.0,inp time 50.0
0.5,0.382797509431839,0.05941957235336304,0.04849696159362793,0.05690184235572815,0.06307333707809448,0,0,0,0
1.0,0.0,0.047960370779037476,0.05280447006225586,0.08665987849235535,0.09978508949279785,0,0,0,0
2.0,0.0,0.0,0.01639103889465332,0.029005706310272217,0.056704163551330566,0,0,0,0
4.0,0.0,0.0,0.0,0.0,0.0,0,0,0,0
7.0,0.0,0.0,0.0,0.0,0.0,0,0,0,0
50.0,0.0,0.0,0.0,0.0,0.0,0,0,0,0
