hf time,inp time 0.5,inp time 1.0,inp time 2.0,inp time 4.0,inp time 7.0,inp time 10.0,inp time 15.0,inp time 20.0,inp time 50.0
0.5,0.041456133127212524,0.03042960911989212,0.00036325305700302124,0.16813363134860992,0.2957572191953659,0.0012974143028259277,0,0,0
1.0,0.0,0.004840321838855743,0.017807304859161377,0.05309785157442093,0.1909983605146408,0.0017143487930297852,0,0,0
2.0,0.0,0.0,0.014113888144493103,0.02285684645175934,0.1466618776321411,0.0032435059547424316,0,0,0
4.0,0.0,0.0,0.0,4.634261131286621e-05,0.00718197226524353,5.960464477539063e-08,0,0,0
7.0,0.0,0.0,0.0,0.0,0.0,0.0,0,0,0
50.0,0.0,0.0,0.0,0.0,0.0,0.0,0,0,0
