hf time,inp time 0.5,inp time 1.0,inp time 2.0,inp time 4.0,inp time 7.0,inp time 10.0,inp time 15.0,inp time 20.0,inp time 50.0
0.5,0.058766625821590424,0,0.7093197479844093,0.20954376459121704,0.0,0,0,0,0
1.0,0.0,0,0.007570445537567139,0.0017957687377929688,0.0,0,0,0,0
2.0,0.0,0,0.0,0.011207818984985352,0.0,0,0,0,0
4.0,0.0,0,0.0,0.0,0.0017957687377929688,0,0,0,0
7.0,0.0,0,0.0,0.0,0.0,0,0,0,0
50.0,0.0,0,0.0,0.0,0.0,0,0,0,0
