hf time,inp time 0.5,inp time 1.0,inp time 2.0,inp time 4.0,inp time 7.0,inp time 10.0,inp time 15.0,inp time 20.0,inp time 50.0
0.5,0.3863881528377533,0.21950575709342957,0.06084001064300537,0.08914673328399658,0.07235515117645264,0,0,0,0
1.0,0.0,0.015368938446044922,0.04634910821914673,0.0616874098777771,0.016000032424926758,0,0,0,0
2.0,0.0,0.0,0.004191577434539795,0.01078486442565918,0.017382264137268066,0,0,0,0
4.0,0.0,0.0,0.0,0.0,0.0,0,0,0,0
7.0,0.0,0.0,0.0,0.0,0.0,0,0,0,0
50.0,0.0,0.0,0.0,0.0,0.0,0,0,0,0
