hf time,inp time 0.5,inp time 1.0,inp time 2.0,inp time 4.0,inp time 7.0,inp time 10.0,inp time 15.0,inp time 20.0,inp time 50.0
0.5,0.23290398716926575,0.6885702311992645,0.07030683755874634,0.002880871295928955,0,0,0,0,0
1.0,0.0,9.083747863769531e-05,0.0027121901512145996,0.002534925937652588,0,0,0,0,0
2.0,0.0,0.0,0.0,0.0,0,0,0,0,0
4.0,0.0,0.0,0.0,0.0,0,0,0,0,0
7.0,0.0,0.0,0.0,0.0,0,0,0,0,0
50.0,0.0,0.0,0.0,0.0,0,0,0,0,0
