hf time,inp time 0.5,inp time 1.0,inp time 2.0,inp time 4.0,inp time 7.0,inp time 10.0,inp time 15.0,inp time 20.0,inp time 50.0
0.5,0.06623494625091553,0.004844836890697479,0.047983840107917786,0.23513071984052658,0.09364482760429382,0,0,0,0
1.0,0.0,0.002455607056617737,0.05874503403902054,0.22515670210123062,0.09259632229804993,0,0,0,0
2.0,0.0,0.0,0.006663516163825989,0.06391023099422455,0.09521275758743286,0,0,0,0
4.0,0.0,0.0,0.0,0.0,0.007420659065246582,0,0,0,0
7.0,0.0,0.0,0.0,0.0,0.0,0,0,0,0
50.0,0.0,0.0,0.0,0.0,0.0,0,0,0,0
