hf time,inp time 0.5,inp time 1.0,inp time 2.0,inp time 4.0,inp time 7.0,inp time 10.0,inp time 15.0,inp time 20.0,inp time 50.0
0.5,0.2635970115661621,0.5927112102508545,0.13890326023101807,0,0,0,0,0,0
1.0,0.0,0.004788577556610107,0.0,0,0,0,0,0,0
2.0,0.0,0.0,0.0,0,0,0,0,0,0
4.0,0.0,0.0,0.0,0,0,0,0,0,0
7.0,0.0,0.0,0.0,0,0,0,0,0,0
50.0,0.0,0.0,0.0,0,0,0,0,0,0
